Angle_of_Repose,Aspartame,B_cyclodextrin,Bulk_Density,Carrs_Compressibility_Index,Citric_acid,Colloidal_silicon_dioxide_Aerosil_,Complexity,DOSE,Gum,Hausner_Ratio,Heavy_atom_count,Hydrogen_Bond_Acceptor_Count,Hydrogen_Bond_Donor_Count,Hydroxypropyl_Cellulose_HPC_,Indion,Lactose,LogS,Magnesium_Stearate,Mannitol,Microcrystalline_Cellulose,Molecular_Weight,Plantago_ovata,Polacrilin_Potassium,Polyvinylpyrrolidone_Crospovidone_,Rotational_bond_count,Sodium_croscarmellose,Sodium_saccharin,Sodium_starch_glycolate,Sodium_stearyl_fumarate_,Starch,Talc,Tapped_Density,Thickness,Topological_surface_area,Weight_mg_,Wetting_time,XLogP3_AA,polyvinyl_acetate,sodium_bicarbonate_NaHCO3_,task_ind,Clove_oil_0,Clove_oil_5,Menthol_0,Menthol_1,Neotame_0_0,Neotame_1_1,Neotame_6_0,Polyethylene_Glycol_0_0,Polyethylene_Glycol_10_0,Sodium_Saccharine_0_0,Sodium_Saccharine_10_0,Sodium_Saccharine_15_0,Sodium_lauryl_sulfate_SLS_0_0,Sodium_lauryl_sulfate_SLS_6_0,Stevia_leaf_Powder_0,Stevia_leaf_Powder_5
0.0,0.0,0,0.0,0.0,0.0,0.0,227,2.0,0.0,0.0,17,4,4,0.0,0.0,0.0,-1.88,0.0,181.0,0.0,239.31,0.0,0.0,4.0,5,0.0,5.0,2.0,3.0,0.0,3.0,0.0,0.0,72.7,200.0,0.0,0.3,0.0,0.0,0,1,0,1,0,1,0,0,1,0,1,0,0,1,0,1,0
0.0,0.0,0,0.0,0.0,0.0,0.0,227,2.0,0.0,0.0,17,4,4,0.0,0.0,0.0,-1.88,0.0,179.0,0.0,239.31,0.0,0.0,4.0,5,0.0,5.0,4.0,3.0,0.0,3.0,0.0,0.0,72.7,200.0,0.0,0.3,0.0,0.0,0,1,0,1,0,1,0,0,1,0,1,0,0,1,0,1,0
0.0,0.0,0,0.0,0.0,0.0,0.0,227,2.0,0.0,0.0,17,4,4,0.0,0.0,0.0,-1.88,0.0,175.0,0.0,239.31,0.0,0.0,4.0,5,0.0,5.0,8.0,3.0,0.0,3.0,0.0,0.0,72.7,200.0,0.0,0.3,0.0,0.0,0,1,0,1,0,1,0,0,1,0,1,0,0,1,0,1,0
0.0,0.0,0,0.0,0.0,0.0,0.0,227,2.0,0.0,0.0,17,4,4,0.0,0.0,0.0,-1.88,0.0,171.0,0.0,239.31,0.0,0.0,4.0,5,0.0,5.0,12.0,3.0,0.0,3.0,0.0,0.0,72.7,200.0,0.0,0.3,0.0,0.0,0,1,0,1,0,1,0,0,1,0,1,0,0,1,0,1,0
0.0,0.0,0,0.0,0.0,0.0,0.0,227,2.0,0.0,0.0,17,4,4,0.0,0.0,0.0,-1.88,0.0,167.0,0.0,239.31,0.0,0.0,4.0,5,0.0,5.0,16.0,3.0,0.0,3.0,0.0,0.0,72.7,200.0,0.0,0.3,0.0,0.0,0,1,0,1,0,1,0,0,1,0,1,0,0,1,0,1,0
0.0,0.0,0,0.0,0.0,0.0,0.0,227,2.0,0.0,0.0,17,4,4,0.0,0.0,0.0,-1.88,0.0,163.0,0.0,239.31,0.0,0.0,4.0,5,0.0,5.0,20.0,3.0,0.0,3.0,0.0,0.0,72.7,200.0,0.0,0.3,0.0,0.0,0,1,0,1,0,1,0,0,1,0,1,0,0,1,0,1,0
0.0,0.0,0,0.0,0.0,0.0,0.0,227,2.0,0.0,0.0,17,4,4,0.0,0.0,0.0,-1.88,0.0,179.0,0.0,239.31,0.0,0.0,2.0,5,0.0,5.0,8.0,2.0,0.0,2.0,0.0,0.0,72.7,200.0,0.0,0.3,0.0,0.0,0,1,0,1,0,1,0,0,1,0,1,0,0,1,0,1,0
0.0,0.0,0,0.0,0.0,0.0,0.0,227,2.0,0.0,0.0,17,4,4,0.0,0.0,0.0,-1.88,0.0,177.0,0.0,239.31,0.0,0.0,4.0,5,0.0,5.0,8.0,2.0,0.0,2.0,0.0,0.0,72.7,200.0,0.0,0.3,0.0,0.0,0,1,0,1,0,1,0,0,1,0,1,0,0,1,0,1,0
0.0,0.0,0,0.0,0.0,0.0,0.0,227,2.0,0.0,0.0,17,4,4,0.0,0.0,0.0,-1.88,0.0,175.0,0.0,239.31,0.0,0.0,6.0,5,0.0,5.0,8.0,2.0,0.0,2.0,0.0,0.0,72.7,200.0,0.0,0.3,0.0,0.0,0,1,0,1,0,1,0,0,1,0,1,0,0,1,0,1,0
0.0,0.0,0,0.0,0.0,0.0,0.0,227,2.0,0.0,0.0,17,4,4,0.0,0.0,0.0,-1.88,0.0,173.0,0.0,239.31,0.0,0.0,8.0,5,0.0,5.0,8.0,2.0,0.0,2.0,0.0,0.0,72.7,200.0,0.0,0.3,0.0,0.0,0,1,0,1,0,1,0,0,1,0,1,0,0,1,0,1,0
0.0,0.0,0,0.0,0.0,0.0,0.0,227,2.0,0.0,0.0,17,4,4,0.0,0.0,0.0,-1.88,0.0,171.0,0.0,239.31,0.0,0.0,10.0,5,0.0,5.0,8.0,2.0,0.0,2.0,0.0,0.0,72.7,200.0,0.0,0.3,0.0,0.0,0,1,0,1,0,1,0,0,1,0,1,0,0,1,0,1,0
0.0,0.0,0,0.0,0.0,0.0,0.0,227,2.0,0.0,0.0,17,4,4,0.0,0.0,0.0,-1.88,0.0,169.0,0.0,239.31,0.0,0.0,12.0,5,0.0,5.0,8.0,2.0,0.0,2.0,0.0,0.0,72.7,200.0,0.0,0.3,0.0,0.0,0,1,0,1,0,1,0,0,1,0,1,0,0,1,0,1,0
0.0,0.0,0,0.0,0.0,0.0,0.0,227,2.0,0.0,0.0,17,4,4,0.0,0.0,0.0,-1.88,0.0,167.0,0.0,239.31,0.0,0.0,14.0,5,0.0,5.0,8.0,2.0,0.0,2.0,0.0,0.0,72.7,200.0,0.0,0.3,0.0,0.0,0,1,0,1,0,1,0,0,1,0,1,0,0,1,0,1,0
0.0,0.0,0,0.0,0.0,0.0,0.0,227,2.0,0.0,0.0,17,4,4,0.0,0.0,0.0,-1.88,0.0,179.0,2.0,239.31,0.0,0.0,0.0,5,0.0,5.0,8.0,2.0,0.0,2.0,0.0,0.0,72.7,200.0,0.0,0.3,0.0,0.0,0,1,0,1,0,1,0,0,1,0,1,0,0,1,0,1,0
0.0,0.0,0,0.0,0.0,0.0,0.0,227,2.0,0.0,0.0,17,4,4,0.0,0.0,0.0,-1.88,0.0,177.0,4.0,239.31,0.0,0.0,0.0,5,0.0,5.0,8.0,2.0,0.0,2.0,0.0,0.0,72.7,200.0,0.0,0.3,0.0,0.0,0,1,0,1,0,1,0,0,1,0,1,0,0,1,0,1,0
0.0,0.0,0,0.0,0.0,0.0,0.0,227,2.0,0.0,0.0,17,4,4,0.0,0.0,0.0,-1.88,0.0,175.0,6.0,239.31,0.0,0.0,0.0,5,0.0,5.0,8.0,2.0,0.0,2.0,0.0,0.0,72.7,200.0,0.0,0.3,0.0,0.0,0,1,0,1,0,1,0,0,1,0,1,0,0,1,0,1,0
0.0,0.0,0,0.0,0.0,0.0,0.0,227,2.0,0.0,0.0,17,4,4,0.0,0.0,0.0,-1.88,0.0,173.0,8.0,239.31,0.0,0.0,0.0,5,0.0,5.0,8.0,2.0,0.0,2.0,0.0,0.0,72.7,200.0,0.0,0.3,0.0,0.0,0,1,0,1,0,1,0,0,1,0,1,0,0,1,0,1,0
0.0,0.0,0,0.0,0.0,0.0,0.0,227,2.0,0.0,0.0,17,4,4,0.0,0.0,0.0,-1.88,0.0,171.0,10.0,239.31,0.0,0.0,0.0,5,0.0,5.0,8.0,2.0,0.0,2.0,0.0,0.0,72.7,200.0,0.0,0.3,0.0,0.0,0,1,0,1,0,1,0,0,1,0,1,0,0,1,0,1,0
0.0,0.0,0,0.0,0.0,0.0,0.0,227,2.0,0.0,0.0,17,4,4,0.0,0.0,0.0,-1.88,0.0,169.0,12.0,239.31,0.0,0.0,0.0,5,0.0,5.0,8.0,2.0,0.0,2.0,0.0,0.0,72.7,200.0,0.0,0.3,0.0,0.0,0,1,0,1,0,1,0,0,1,0,1,0,0,1,0,1,0
0.0,0.0,0,0.0,0.0,0.0,0.0,227,2.0,0.0,0.0,17,4,4,0.0,0.0,0.0,-1.88,0.0,167.0,14.0,239.31,0.0,0.0,0.0,5,0.0,5.0,8.0,2.0,0.0,2.0,0.0,0.0,72.7,200.0,0.0,0.3,0.0,0.0,0,1,0,1,0,1,0,0,1,0,1,0,0,1,0,1,0
0.0,0.0,0,0.0,0.0,0.0,0.0,227,2.0,0.0,0.0,17,4,4,0.0,0.0,0.0,-1.88,0.0,175.0,2.0,239.31,0.0,0.0,0.0,5,0.0,5.0,8.0,5.0,0.0,3.0,0.0,3.63,72.7,200.0,28.0,0.3,0.0,0.0,0,1,0,1,0,1,0,0,1,0,1,0,0,1,0,1,0
26.5,1.0,0,0.62,7.69,0.0,2.0,227,2.4,0.0,1.08,17,4,4,0.0,0.0,0.0,-1.88,1.0,80.1,10.0,239.31,0.0,0.0,0.0,5,3.0,0.0,0.0,0.0,0.0,0.0,0.67,2.19,72.7,100.0,36.33,0.3,0.0,0.0,0,1,0,1,0,1,0,0,1,0,1,0,0,1,0,1,0
30.1,1.0,0,0.86,7.69,0.0,2.0,227,2.4,0.0,1.08,17,4,4,0.0,0.0,0.0,-1.88,1.0,80.1,0.0,239.31,0.0,0.0,0.0,5,3.0,0.0,0.0,0.0,0.0,0.0,0.94,2.03,72.7,100.0,44.67,0.3,0.0,0.0,0,1,0,1,0,1,0,0,0,1,1,0,0,1,0,1,0
26.5,1.0,0,0.8,10.34,0.0,2.0,227,2.4,0.0,1.12,17,4,4,0.0,0.0,0.0,-1.88,1.0,80.1,10.0,239.31,0.0,0.0,3.0,5,0.0,0.0,0.0,0.0,0.0,0.0,0.9,2.2,72.7,100.0,25.33,0.3,0.0,0.0,0,1,0,1,0,1,0,0,1,0,1,0,0,1,0,1,0
28.36,1.0,0,0.73,9.09,0.0,2.0,227,2.4,0.0,1.1,17,4,4,0.0,0.0,0.0,-1.88,1.0,80.1,0.0,239.31,0.0,0.0,3.0,5,0.0,0.0,0.0,0.0,0.0,0.0,0.8,2.02,72.7,100.0,42.0,0.3,0.0,0.0,0,1,0,1,0,1,0,0,0,1,1,0,0,1,0,1,0
31.8,1.0,0,0.64,10.71,0.0,2.0,227,2.4,0.0,1.12,17,4,4,0.0,0.0,0.0,-1.88,1.0,78.1,10.0,239.31,0.0,0.0,0.0,5,5.0,0.0,0.0,0.0,0.0,0.0,0.72,2.15,72.7,100.0,13.33,0.3,0.0,0.0,0,1,0,1,0,1,0,0,1,0,1,0,0,1,0,1,0
35.0,1.0,0,0.89,10.91,0.0,2.0,227,2.4,0.0,1.12,17,4,4,0.0,0.0,0.0,-1.88,1.0,78.1,0.0,239.31,0.0,0.0,0.0,5,5.0,0.0,0.0,0.0,0.0,0.0,0.99,2.19,72.7,100.0,22.0,0.3,0.0,0.0,0,1,0,1,0,1,0,0,0,1,1,0,0,1,0,1,0
35.75,1.0,0,0.71,12.28,0.0,2.0,227,2.4,0.0,1.14,17,4,4,0.0,0.0,0.0,-1.88,1.0,78.1,10.0,239.31,0.0,0.0,5.0,5,0.0,0.0,0.0,0.0,0.0,0.0,0.81,2.06,72.7,100.0,10.0,0.3,0.0,0.0,0,1,0,1,0,1,0,0,1,0,1,0,0,1,0,1,0
35.75,1.0,0,0.72,9.43,0.0,2.0,227,2.4,0.0,1.1,17,4,4,0.0,0.0,0.0,-1.88,1.0,78.1,0.0,239.31,0.0,0.0,5.0,5,0.0,0.0,0.0,0.0,0.0,0.0,0.8,2.12,72.7,100.0,18.33,0.3,0.0,0.0,0,1,0,1,0,1,0,0,0,1,1,0,0,1,0,1,0
11.32,0.0,0,0.55,11.29,0.0,0.0,227,4.0,0.0,1.13,17,4,4,0.0,0.0,0.0,-1.88,4.0,105.0,50.0,239.31,0.0,0.0,0.0,5,22.5,8.0,2.5,0.0,0.0,4.0,0.62,3.33,72.7,200.0,64.28,0.3,0.0,0.0,0,1,0,1,0,1,0,0,1,0,1,0,0,1,0,1,0
9.68,0.0,0,0.66,7.04,0.0,0.0,227,4.0,0.0,1.08,17,4,4,0.0,0.0,0.0,-1.88,4.0,105.0,50.0,239.31,0.0,0.0,0.0,5,18.75,8.0,6.25,0.0,0.0,4.0,0.71,3.33,72.7,200.0,58.33,0.3,0.0,0.0,0,1,0,1,0,1,0,0,1,0,1,0,0,1,0,1,0
10.2,0.0,0,0.67,6.94,0.0,0.0,227,4.0,0.0,1.07,17,4,4,0.0,0.0,0.0,-1.88,4.0,105.0,50.0,239.31,0.0,0.0,0.0,5,12.5,8.0,12.5,0.0,0.0,4.0,0.72,3.3,72.7,200.0,52.32,0.3,0.0,0.0,0,1,0,1,0,1,0,0,1,0,1,0,0,1,0,1,0
12.8,0.0,0,0.65,10.95,0.0,0.0,227,4.0,0.0,1.12,17,4,4,0.0,0.0,0.0,-1.88,4.0,105.0,50.0,239.31,0.0,0.0,0.0,5,6.25,8.0,18.75,0.0,0.0,4.0,0.73,3.4,72.7,200.0,65.4,0.3,0.0,0.0,0,1,0,1,0,1,0,0,1,0,1,0,0,1,0,1,0
8.8,0.0,0,0.64,11.11,0.0,0.0,227,4.0,0.0,1.16,17,4,4,0.0,0.0,0.0,-1.88,4.0,105.0,50.0,239.31,0.0,0.0,0.0,5,2.5,8.0,22.5,0.0,0.0,4.0,0.72,3.3,72.7,200.0,58.82,0.3,0.0,0.0,0,1,0,1,0,1,0,0,1,0,1,0,0,1,0,1,0
13.2,0.0,0,0.59,21.33,0.0,0.0,227,4.0,0.0,1.27,17,4,4,0.0,22.5,0.0,-1.88,4.0,105.0,50.0,239.31,0.0,0.0,0.0,5,0.0,8.0,2.5,0.0,0.0,4.0,0.75,3.3,72.7,200.0,58.13,0.3,0.0,0.0,0,1,0,1,0,1,0,0,1,0,1,0,0,1,0,1,0
14.6,0.0,0,0.62,16.21,0.0,0.0,227,4.0,0.0,1.19,17,4,4,0.0,18.75,0.0,-1.88,4.0,105.0,50.0,239.31,0.0,0.0,0.0,5,0.0,8.0,6.25,0.0,0.0,4.0,0.74,3.31,72.7,200.0,63.66,0.3,0.0,0.0,0,1,0,1,0,1,0,0,1,0,1,0,0,1,0,1,0
11.1,0.0,0,0.69,4.16,0.0,0.0,227,4.0,0.0,1.04,17,4,4,0.0,12.5,0.0,-1.88,4.0,105.0,50.0,239.31,0.0,0.0,0.0,5,0.0,8.0,12.5,0.0,0.0,4.0,0.72,3.1,72.7,200.0,66.24,0.3,0.0,0.0,0,1,0,1,0,1,0,0,1,0,1,0,0,1,0,1,0
12.2,0.0,0,0.66,9.68,0.0,0.0,227,4.0,0.0,1.11,17,4,4,0.0,6.25,0.0,-1.88,4.0,105.0,50.0,239.31,0.0,0.0,0.0,5,0.0,8.0,18.75,0.0,0.0,4.0,0.73,3.2,72.7,200.0,59.29,0.3,0.0,0.0,0,1,0,1,0,1,0,0,1,0,1,0,0,1,0,1,0
16.7,0.0,0,0.68,8.1,0.0,0.0,227,4.0,0.0,1.08,17,4,4,0.0,2.5,0.0,-1.88,4.0,105.0,50.0,239.31,0.0,0.0,0.0,5,0.0,8.0,22.5,0.0,0.0,4.0,0.74,3.3,72.7,200.0,43.28,0.3,0.0,0.0,0,1,0,1,0,1,0,0,1,0,1,0,0,1,0,1,0
15.8,0.0,0,0.66,9.58,0.0,0.0,227,4.0,0.0,1.1,17,4,4,0.0,22.5,0.0,-1.88,4.0,105.0,50.0,239.31,0.0,0.0,0.0,5,2.5,8.0,0.0,0.0,0.0,4.0,0.73,3.36,72.7,200.0,57.33,0.3,0.0,0.0,0,1,0,1,0,1,0,0,1,0,1,0,0,1,0,1,0
14.1,0.0,0,0.63,14.86,0.0,0.0,227,4.0,0.0,1.17,17,4,4,0.0,18.75,0.0,-1.88,4.0,105.0,50.0,239.31,0.0,0.0,0.0,5,6.25,8.0,0.0,0.0,0.0,4.0,0.74,3.3,72.7,200.0,63.28,0.3,0.0,0.0,0,1,0,1,0,1,0,0,1,0,1,0,0,1,0,1,0
9.92,0.0,0,0.69,8.01,0.0,0.0,227,4.0,0.0,1.08,17,4,4,0.0,12.5,0.0,-1.88,4.0,105.0,50.0,239.31,0.0,0.0,0.0,5,12.5,8.0,0.0,0.0,0.0,4.0,0.75,3.2,72.7,200.0,67.58,0.3,0.0,0.0,0,1,0,1,0,1,0,0,1,0,1,0,0,1,0,1,0
13.24,0.0,0,0.64,7.24,0.0,0.0,227,4.0,0.0,1.08,17,4,4,0.0,6.25,0.0,-1.88,4.0,105.0,50.0,239.31,0.0,0.0,0.0,5,18.75,8.0,0.0,0.0,0.0,4.0,0.69,3.46,72.7,200.0,65.72,0.3,0.0,0.0,0,1,0,1,0,1,0,0,1,0,1,0,0,1,0,1,0
11.9,0.0,0,0.67,6.94,0.0,0.0,227,4.0,0.0,1.09,17,4,4,0.0,2.5,0.0,-1.88,4.0,105.0,50.0,239.31,0.0,0.0,0.0,5,22.5,8.0,0.0,0.0,0.0,4.0,0.72,3.34,72.7,200.0,61.49,0.3,0.0,0.0,0,1,0,1,0,1,0,0,1,0,1,0,0,1,0,1,0
12.7,0.0,0,0.63,5.97,0.0,0.0,227,4.0,0.0,1.07,17,4,4,0.0,0.0,0.0,-1.88,4.0,105.0,50.0,239.31,0.0,0.0,0.0,5,0.0,8.0,25.0,0.0,0.0,4.0,0.67,3.4,72.7,200.0,62.42,0.3,0.0,0.0,0,1,0,1,0,1,0,0,1,0,1,0,0,1,0,1,0
11.3,0.0,0,0.59,10.61,0.0,0.0,227,4.0,0.0,1.12,17,4,4,0.0,0.0,0.0,-1.88,4.0,105.0,50.0,239.31,0.0,0.0,0.0,5,25.0,8.0,0.0,0.0,0.0,4.0,0.66,3.34,72.7,200.0,64.57,0.3,0.0,0.0,0,1,0,1,0,1,0,0,1,0,1,0,0,1,0,1,0
11.9,0.0,0,0.64,5.88,0.0,0.0,227,4.0,0.0,1.07,17,4,4,0.0,25.0,0.0,-1.88,4.0,105.0,50.0,239.31,0.0,0.0,0.0,5,0.0,8.0,0.0,0.0,0.0,4.0,0.68,3.3,72.7,200.0,66.67,0.3,0.0,0.0,0,1,0,1,0,1,0,0,1,0,1,0,0,1,0,1,0
21.2,5.0,0,0.449,8.62,0.0,0.5,227,4.0,0.0,0.0,17,4,4,0.0,0.0,0.0,-1.88,0.5,58.0,28.0,239.31,0.0,0.0,0.0,5,0.0,0.0,2.0,0.0,0.0,0.0,0.51,2.52,72.7,100.0,11.15,0.3,0.0,0.0,0,1,0,1,0,1,0,0,1,0,1,0,0,1,0,1,0
22.17,5.0,0,0.451,8.78,0.0,0.5,227,4.0,0.0,0.0,17,4,4,0.0,0.0,0.0,-1.88,0.5,58.0,26.0,239.31,0.0,0.0,0.0,5,0.0,0.0,4.0,0.0,0.0,0.0,0.514,2.52,72.7,100.0,11.22,0.3,0.0,0.0,0,1,0,1,0,1,0,0,1,0,1,0,0,1,0,1,0
22.2,5.0,0,0.449,8.76,0.0,0.5,227,4.0,0.0,0.0,17,4,4,0.0,0.0,0.0,-1.88,0.5,58.0,24.0,239.31,0.0,0.0,0.0,5,0.0,0.0,6.0,0.0,0.0,0.0,0.516,2.53,72.7,100.0,11.1,0.3,0.0,0.0,0,1,0,1,0,1,0,0,1,0,1,0,0,1,0,1,0
21.21,5.0,0,0.453,11.01,0.0,0.5,227,4.0,0.0,0.0,17,4,4,2.0,0.0,0.0,-1.88,0.5,58.0,28.0,239.31,0.0,0.0,0.0,5,0.0,0.0,0.0,0.0,0.0,0.0,0.511,2.51,72.7,100.0,9.41,0.3,0.0,0.0,0,1,0,1,0,1,0,0,1,0,1,0,0,1,0,1,0
20.87,5.0,0,0.452,11.15,0.0,0.5,227,4.0,0.0,0.0,17,4,4,4.0,0.0,0.0,-1.88,0.5,58.0,26.0,239.31,0.0,0.0,0.0,5,0.0,0.0,0.0,0.0,0.0,0.0,0.511,2.52,72.7,100.0,9.4,0.3,0.0,0.0,0,1,0,1,0,1,0,0,1,0,1,0,0,1,0,1,0
20.97,5.0,0,0.451,11.09,0.0,0.5,227,4.0,0.0,0.0,17,4,4,6.0,0.0,0.0,-1.88,0.5,58.0,24.0,239.31,0.0,0.0,0.0,5,0.0,0.0,0.0,0.0,0.0,0.0,0.51,2.53,72.7,100.0,9.37,0.3,0.0,0.0,0,1,0,1,0,1,0,0,1,0,1,0,0,1,0,1,0
21.23,5.0,0,0.461,12.02,0.0,0.5,227,4.0,0.0,0.0,17,4,4,0.0,0.0,0.0,-1.88,0.5,58.0,28.0,239.31,0.0,0.0,2.0,5,0.0,0.0,0.0,0.0,0.0,0.0,0.512,2.52,72.7,100.0,7.82,0.3,0.0,0.0,0,1,0,1,0,1,0,0,1,0,1,0,0,1,0,1,0
22.3,5.0,0,0.463,12.1,0.0,0.5,227,4.0,0.0,0.0,17,4,4,0.0,0.0,0.0,-1.88,0.5,58.0,26.0,239.31,0.0,0.0,4.0,5,0.0,0.0,0.0,0.0,0.0,0.0,0.515,2.53,72.7,100.0,7.83,0.3,0.0,0.0,0,1,0,1,0,1,0,0,1,0,1,0,0,1,0,1,0
22.65,5.0,0,0.462,12.24,0.0,0.5,227,4.0,0.0,0.0,17,4,4,0.0,0.0,0.0,-1.88,0.5,58.0,24.0,239.31,0.0,0.0,6.0,5,0.0,0.0,0.0,0.0,0.0,0.0,0.517,2.52,72.7,100.0,7.76,0.3,0.0,0.0,0,1,0,1,0,1,0,0,1,0,1,0,0,1,0,1,0
33.0,0.0,0,0.58,22.66,0.0,1.0,227,4.8,0.0,1.29,17,4,4,0.0,0.0,52.2,-1.88,1.0,0.0,35.0,239.31,0.0,0.0,0.0,5,5.0,0.0,0.0,0.0,0.0,0.0,0.75,0.0,72.7,100.0,11.23,0.3,0.0,0.0,0,1,0,1,0,1,0,0,1,0,1,0,0,1,0,1,0
31.0,0.0,0,0.56,24.32,0.0,1.0,227,4.8,0.0,1.32,17,4,4,0.0,0.0,52.2,-1.88,1.0,0.0,35.0,239.31,0.0,0.0,0.0,5,0.0,0.0,5.0,0.0,0.0,0.0,0.74,0.0,72.7,100.0,12.34,0.3,0.0,0.0,0,1,0,1,0,1,0,0,1,0,1,0,0,1,0,1,0
31.0,0.0,0,0.56,23.28,0.0,1.0,227,4.8,0.0,1.3,17,4,4,0.0,0.0,52.2,-1.88,1.0,0.0,35.0,239.31,0.0,0.0,5.0,5,0.0,0.0,0.0,0.0,0.0,0.0,0.73,0.0,72.7,100.0,10.24,0.3,0.0,0.0,0,1,0,1,0,1,0,0,1,0,1,0,0,1,0,1,0
32.0,0.0,0,0.57,22.97,0.0,1.0,227,4.8,0.0,1.29,17,4,4,5.0,0.0,52.2,-1.88,1.0,0.0,35.0,239.31,0.0,0.0,0.0,5,0.0,0.0,0.0,0.0,0.0,0.0,0.74,0.0,72.7,100.0,10.98,0.3,0.0,0.0,0,1,0,1,0,1,0,0,1,0,1,0,0,1,0,1,0
26.54,0.0,0,0.346,7.21,0.0,0.0,227,4.0,0.0,1.075,17,4,4,0.0,0.0,0.0,-1.88,0.2,52.0,34.0,239.31,0.0,0.0,0.0,5,0.0,0.0,4.0,0.0,0.0,1.0,0.365,2.5,72.7,95.2,28.0,0.3,0.0,0.0,0,1,0,1,0,1,0,0,1,0,1,0,0,1,0,1,0
26.35,0.0,0,0.356,7.261,0.0,0.0,227,4.0,0.0,1.073,17,4,4,0.0,0.0,0.0,-1.88,0.2,50.0,34.0,239.31,0.0,0.0,0.0,5,0.0,0.0,6.0,0.0,0.0,1.0,0.382,2.4,72.7,95.2,27.0,0.3,0.0,0.0,0,1,0,1,0,1,0,0,1,0,1,0,0,1,0,1,0
25.36,0.0,0,0.363,7.21,0.0,0.0,227,4.0,0.0,1.071,17,4,4,0.0,0.0,0.0,-1.88,0.2,52.0,34.0,239.31,0.0,0.0,4.0,5,0.0,0.0,0.0,0.0,0.0,1.0,0.389,2.6,72.7,95.2,22.0,0.3,0.0,0.0,0,1,0,1,0,1,0,0,1,0,1,0,0,1,0,1,0
24.4,0.0,0,0.35,6.521,0.0,0.0,227,4.0,0.0,1.064,17,4,4,0.0,0.0,0.0,-1.88,0.2,50.0,34.0,239.31,0.0,0.0,6.0,5,0.0,0.0,0.0,0.0,0.0,1.0,0.372,2.5,72.7,95.2,25.0,0.3,0.0,0.0,0,1,0,1,0,1,0,0,1,0,1,0,0,1,0,1,0
24.61,0.0,0,0.358,6.346,0.0,0.0,227,4.0,0.0,1.064,17,4,4,0.0,0.0,0.0,-1.88,0.2,52.0,34.0,239.31,0.0,0.0,0.0,5,4.0,0.0,0.0,0.0,0.0,1.0,0.381,2.5,72.7,95.2,26.0,0.3,0.0,0.0,0,1,0,1,0,1,0,0,1,0,1,0,0,1,0,1,0
23.01,0.0,0,0.37,6.27,0.0,0.0,227,4.0,0.0,1.062,17,4,4,0.0,0.0,0.0,-1.88,0.2,50.0,34.0,239.31,0.0,0.0,0.0,5,6.0,0.0,0.0,0.0,0.0,1.0,0.393,2.5,72.7,95.2,24.0,0.3,0.0,0.0,0,1,0,1,0,1,0,0,1,0,1,0,0,1,0,1,0
0.0,5.0,0,0.0,0.0,0.0,0.0,279,28.2,0.0,0.0,21,3,2,0.0,0.0,0.0,-2.86,4.0,0.0,94.8,313.9,0.0,0.0,0.0,5,0.0,0.0,3.0,0.0,0.0,12.0,0.0,2.52,32.7,150.0,133.26,2.74,0.0,0.0,1,1,0,1,0,1,0,0,1,0,1,0,0,1,0,1,0
0.0,5.0,0,0.0,0.0,0.0,0.0,279,28.2,0.0,0.0,21,3,2,0.0,0.0,0.0,-2.86,4.0,0.0,92.55,313.9,0.0,0.0,0.0,5,0.0,0.0,5.25,0.0,0.0,12.0,0.0,2.51,32.7,150.0,90.06,2.74,0.0,0.0,1,1,0,1,0,1,0,0,1,0,1,0,0,1,0,1,0
0.0,5.0,0,0.0,0.0,0.0,0.0,279,28.2,0.0,0.0,21,3,2,0.0,0.0,0.0,-2.86,4.0,0.0,90.8,313.9,0.0,0.0,0.0,5,0.0,0.0,7.5,0.0,0.0,12.0,0.0,2.53,32.7,150.5,58.06,2.74,0.0,0.0,1,1,0,1,0,1,0,0,1,0,1,0,0,1,0,1,0
0.0,5.0,0,0.0,0.0,0.0,0.0,279,28.2,0.0,0.0,21,3,2,0.0,0.0,0.0,-2.86,4.0,0.0,94.8,313.9,0.0,0.0,0.0,5,3.0,0.0,0.0,0.0,0.0,12.0,0.0,2.5,32.7,150.0,159.6,2.74,0.0,0.0,1,1,0,1,0,1,0,0,1,0,1,0,0,1,0,1,0
0.0,5.0,0,0.0,0.0,0.0,0.0,279,28.2,0.0,0.0,21,3,2,0.0,0.0,0.0,-2.86,4.0,0.0,92.55,313.9,0.0,0.0,0.0,5,5.25,0.0,0.0,0.0,0.0,12.0,0.0,2.49,32.7,150.0,117.56,2.74,0.0,0.0,1,1,0,1,0,1,0,0,1,0,1,0,0,1,0,1,0
0.0,5.0,0,0.0,0.0,0.0,0.0,279,28.2,0.0,0.0,21,3,2,0.0,0.0,0.0,-2.86,4.0,0.0,90.8,313.9,0.0,0.0,0.0,5,7.0,0.0,0.0,0.0,0.0,12.0,0.0,2.48,32.7,150.0,82.0,2.74,0.0,0.0,1,1,0,1,0,1,0,0,1,0,1,0,0,1,0,1,0
0.0,5.0,0,0.0,0.0,0.0,0.0,279,28.2,0.0,0.0,21,3,2,0.0,0.0,0.0,-2.86,4.0,0.0,94.8,313.9,0.0,0.0,3.0,5,0.0,0.0,0.0,0.0,0.0,12.0,0.0,2.51,32.7,150.0,129.6,2.74,0.0,0.0,1,1,0,1,0,1,0,0,1,0,1,0,0,1,0,1,0
0.0,5.0,0,0.0,0.0,0.0,0.0,279,28.2,0.0,0.0,21,3,2,0.0,0.0,0.0,-2.86,4.0,0.0,92.55,313.9,0.0,0.0,5.25,5,0.0,0.0,0.0,0.0,0.0,12.0,0.0,2.52,32.7,150.0,58.2,2.74,0.0,0.0,1,1,0,1,0,1,0,0,1,0,1,0,0,1,0,1,0
0.0,5.0,0,0.0,0.0,0.0,0.0,279,28.2,0.0,0.0,21,3,2,0.0,0.0,0.0,-2.86,4.0,0.0,90.8,313.9,0.0,0.0,7.0,5,0.0,0.0,0.0,0.0,0.0,12.0,0.0,2.5,32.7,150.0,34.3,2.74,0.0,0.0,1,1,0,1,0,1,0,0,1,0,1,0,0,1,0,1,0
27.96,0.0,0,0.588,17.64,0.0,0.0,279,37.5,0.0,12.46,21,3,2,0.0,0.0,0.0,-2.86,3.0,125.5,20.0,313.9,0.0,0.0,2.0,5,0.0,0.0,0.0,0.0,0.0,2.0,0.714,4.6,32.7,202.0,250.0,2.74,0.0,0.0,1,1,0,1,0,1,0,0,1,0,0,1,0,1,0,1,0
28.5,0.0,0,0.625,18.72,0.0,0.0,279,37.5,0.0,1.23,21,3,2,0.0,0.0,0.0,-2.86,3.0,103.5,40.0,313.9,0.0,0.0,4.0,5,0.0,0.0,0.0,0.0,0.0,2.0,0.769,4.8,32.7,202.0,195.0,2.74,0.0,0.0,1,1,0,1,0,1,0,0,1,0,0,1,0,1,0,1,0
29.03,0.0,0,0.625,12.46,0.0,0.0,279,37.5,0.0,1.14,21,3,2,0.0,0.0,0.0,-2.86,3.0,71.5,70.0,313.9,0.0,0.0,6.0,5,0.0,0.0,0.0,0.0,0.0,2.0,0.714,4.7,32.7,202.0,93.0,2.74,0.0,0.0,1,1,0,1,0,1,0,0,1,0,0,1,0,1,0,1,0
26.1,0.0,0,0.625,12.46,0.0,0.0,279,37.5,0.0,1.14,21,3,2,0.0,0.0,0.0,-2.86,3.0,59.5,80.0,313.9,0.0,0.0,8.0,5,0.0,0.0,0.0,0.0,0.0,2.0,0.714,4.8,32.7,202.0,89.0,2.74,0.0,0.0,1,1,0,1,0,1,0,0,1,0,0,1,0,1,0,1,0
26.1,0.0,0,0.588,17.64,0.0,0.0,279,37.5,0.0,1.21,21,3,2,0.0,0.0,0.0,-2.86,3.0,47.5,90.0,313.9,0.0,0.0,10.0,5,0.0,0.0,0.0,0.0,0.0,2.0,0.714,4.9,32.7,202.0,75.0,2.74,0.0,0.0,1,1,0,1,0,1,0,0,1,0,0,1,0,1,0,1,0
24.79,0.0,0,0.625,12.46,0.0,0.0,279,37.5,0.0,1.14,21,3,2,0.0,0.0,0.0,-2.86,3.0,35.5,100.0,313.9,0.0,0.0,12.0,5,0.0,0.0,0.0,0.0,0.0,2.0,0.714,4.9,32.7,202.0,71.0,2.74,0.0,0.0,1,1,0,1,0,1,0,0,1,0,0,1,0,1,0,1,0
27.47,0.0,0,0.625,18.72,0.0,0.0,279,37.5,0.0,1.23,21,3,2,0.0,0.0,0.0,-2.86,3.0,125.5,20.0,313.9,0.0,0.0,0.0,5,2.0,0.0,0.0,0.0,0.0,2.0,0.769,4.7,32.7,202.0,212.0,2.74,0.0,0.0,1,1,0,1,0,1,0,0,1,0,0,1,0,1,0,1,0
29.03,0.0,0,0.588,17.64,0.0,0.0,279,37.5,0.0,1.21,21,3,2,0.0,0.0,0.0,-2.86,3.0,103.5,40.0,313.9,0.0,0.0,0.0,5,4.0,0.0,0.0,0.0,0.0,2.0,0.714,4.6,32.7,202.0,135.0,2.74,0.0,0.0,1,1,0,1,0,1,0,0,1,0,0,1,0,1,0,1,0
29.59,0.0,0,0.625,12.46,0.0,0.0,279,37.5,0.0,1.14,21,3,2,0.0,0.0,0.0,-2.86,3.0,71.5,70.0,313.9,0.0,0.0,0.0,5,6.0,0.0,0.0,0.0,0.0,2.0,0.714,4.6,32.7,202.0,59.0,2.74,0.0,0.0,1,1,0,1,0,1,0,0,1,0,0,1,0,1,0,1,0
25.64,0.0,0,0.625,12.46,0.0,0.0,279,37.5,0.0,1.14,21,3,2,0.0,0.0,0.0,-2.86,3.0,59.5,80.0,313.9,0.0,0.0,0.0,5,8.0,0.0,0.0,0.0,0.0,2.0,0.714,4.5,32.7,202.0,59.0,2.74,0.0,0.0,1,1,0,1,0,1,0,0,1,0,0,1,0,1,0,1,0
25.22,0.0,0,0.625,12.46,0.0,0.0,279,37.5,0.0,1.14,21,3,2,0.0,0.0,0.0,-2.86,3.0,47.5,90.0,313.9,0.0,0.0,0.0,5,10.0,0.0,0.0,0.0,0.0,2.0,0.714,4.6,32.7,202.0,52.0,2.74,0.0,0.0,1,1,0,1,0,1,0,0,1,0,0,1,0,1,0,1,0
25.24,0.0,0,0.625,12.46,0.0,0.0,279,37.5,0.0,1.14,21,3,2,0.0,0.0,0.0,-2.86,3.0,35.5,100.0,313.9,0.0,0.0,0.0,5,12.0,0.0,0.0,0.0,0.0,2.0,0.714,4.7,32.7,202.0,47.0,2.74,0.0,0.0,1,1,0,1,0,1,0,0,1,0,0,1,0,1,0,1,0
31.34,0.0,0,0.666,13.39,0.0,0.0,279,37.5,0.0,1.15,21,3,2,0.0,0.0,0.0,-2.86,3.0,125.5,20.0,313.9,0.0,0.0,0.0,5,0.0,0.0,2.0,0.0,0.0,2.0,0.769,4.7,32.7,202.0,53.0,2.74,0.0,0.0,1,1,0,1,0,1,0,0,1,0,0,1,0,1,0,1,0
28.5,0.0,0,0.666,13.39,0.0,0.0,279,37.5,0.0,1.15,21,3,2,0.0,0.0,0.0,-2.86,3.0,103.5,40.0,313.9,0.0,0.0,0.0,5,0.0,0.0,4.0,0.0,0.0,2.0,0.769,4.7,32.7,202.0,51.0,2.74,0.0,0.0,1,1,0,1,0,1,0,0,1,0,0,1,0,1,0,1,0
27.47,0.0,0,0.625,18.72,0.0,0.0,279,37.5,0.0,1.23,21,3,2,0.0,0.0,0.0,-2.86,3.0,71.5,70.0,313.9,0.0,0.0,0.0,5,0.0,0.0,6.0,0.0,0.0,2.0,0.769,4.6,32.7,202.0,46.0,2.74,0.0,0.0,1,1,0,1,0,1,0,0,1,0,0,1,0,1,0,1,0
25.22,0.0,0,0.666,13.39,0.0,0.0,279,37.5,0.0,1.15,21,3,2,0.0,0.0,0.0,-2.86,3.0,59.5,80.0,313.9,0.0,0.0,0.0,5,0.0,0.0,8.0,0.0,0.0,2.0,0.769,4.6,32.7,202.0,45.0,2.74,0.0,0.0,1,1,0,1,0,1,0,0,1,0,0,1,0,1,0,1,0
26.1,0.0,0,0.625,12.46,0.0,0.0,279,37.5,0.0,1.14,21,3,2,0.0,0.0,0.0,-2.86,3.0,47.5,90.0,313.9,0.0,0.0,0.0,5,0.0,0.0,10.0,0.0,0.0,2.0,0.714,4.5,32.7,202.0,41.0,2.74,0.0,0.0,1,1,0,1,0,1,0,0,1,0,0,1,0,1,0,1,0
26.1,0.0,0,0.666,13.39,0.0,0.0,279,37.5,0.0,1.15,21,3,2,0.0,0.0,0.0,-2.86,3.0,35.5,100.0,313.9,0.0,0.0,0.0,5,0.0,0.0,12.0,0.0,0.0,2.0,0.769,4.6,32.7,202.0,37.0,2.74,0.0,0.0,1,1,0,1,0,1,0,0,1,0,0,1,0,1,0,1,0
27.47,0.0,0,0.588,12.46,0.0,0.0,279,37.5,0.0,1.22,21,3,2,0.0,0.0,0.0,-2.86,3.0,47.5,100.0,313.9,0.0,0.0,0.0,5,0.0,0.0,0.0,0.0,0.0,2.0,0.714,4.9,32.7,202.0,202.0,2.74,0.0,0.0,1,1,0,1,0,1,0,0,1,0,0,1,0,1,0,1,0
32.15,20.0,0,0.4,0.22,0.0,5.0,279,50.0,0.0,1.37,21,3,2,0.0,0.0,0.0,-2.86,2.0,63.0,34.0,313.9,0.0,0.0,0.0,5,10.0,5.0,0.0,0.0,4.0,2.0,0.51,4.71,32.7,200.0,21.0,2.74,0.0,0.0,1,1,0,1,0,1,0,0,1,0,1,0,0,1,0,1,0
30.46,20.0,0,0.4,20.0,0.0,5.0,279,50.0,0.0,1.29,21,3,2,0.0,0.0,0.0,-2.86,2.0,58.0,34.0,313.9,0.0,0.0,0.0,5,15.0,5.0,0.0,0.0,4.0,2.0,0.5,4.9,32.7,200.0,24.0,2.74,0.0,0.0,1,1,0,1,0,1,0,0,1,0,1,0,0,1,0,1,0
27.89,20.0,0,0.43,19.57,0.0,5.0,279,50.0,0.0,1.32,21,3,2,0.0,0.0,0.0,-2.86,2.0,53.0,34.0,313.9,0.0,0.0,0.0,5,20.0,5.0,0.0,0.0,4.0,2.0,0.42,4.88,32.7,200.0,28.0,2.74,0.0,0.0,1,1,0,1,0,1,0,0,1,0,1,0,0,1,0,1,0
32.05,20.0,0,0.43,21.74,0.0,5.0,279,50.0,0.0,1.32,21,3,2,0.0,0.0,0.0,-2.86,2.0,63.0,34.0,313.9,0.0,0.0,10.0,5,0.0,5.0,0.0,0.0,4.0,2.0,0.55,4.96,32.7,200.0,25.0,2.74,0.0,0.0,1,1,0,1,0,1,0,0,1,0,1,0,0,1,0,1,0
29.82,20.0,0,0.41,20.84,0.0,5.0,279,50.0,0.0,1.36,21,3,2,0.0,0.0,0.0,-2.86,2.0,58.0,34.0,313.9,0.0,0.0,15.0,5,0.0,5.0,0.0,0.0,4.0,2.0,0.52,4.87,32.7,200.0,32.0,2.74,0.0,0.0,1,1,0,1,0,1,0,0,1,0,1,0,0,1,0,1,0
27.21,20.0,0,0.38,19.24,0.0,5.0,279,50.0,0.0,1.29,21,3,2,0.0,0.0,0.0,-2.86,2.0,53.0,34.0,313.9,0.0,0.0,20.0,5,0.0,5.0,0.0,0.0,4.0,2.0,0.47,4.96,32.7,200.0,33.0,2.74,0.0,0.0,1,1,0,1,0,1,0,0,1,0,1,0,0,1,0,1,0
33.69,20.0,0,0.4,0.22,0.0,5.0,279,50.0,0.0,1.19,21,3,2,0.0,0.0,0.0,-2.86,2.0,63.0,34.0,313.9,0.0,0.0,0.0,5,0.0,5.0,10.0,0.0,4.0,2.0,0.51,4.63,32.7,200.0,28.0,2.74,0.0,0.0,1,1,0,1,0,1,0,0,1,0,1,0,0,1,0,1,0
32.05,20.0,0,0.41,20.84,0.0,5.0,279,50.0,0.0,1.43,21,3,2,0.0,0.0,0.0,-2.86,2.0,58.0,34.0,313.9,0.0,0.0,0.0,5,0.0,5.0,15.0,0.0,4.0,2.0,0.52,4.78,32.7,200.0,29.0,2.74,0.0,0.0,1,1,0,1,0,1,0,0,1,0,1,0,0,1,0,1,0
28.49,20.0,0,0.4,20.0,0.0,5.0,279,50.0,0.0,1.25,21,3,2,0.0,0.0,0.0,-2.86,2.0,53.0,34.0,313.9,0.0,0.0,0.0,5,0.0,5.0,20.0,0.0,4.0,2.0,0.5,4.66,32.7,200.0,31.0,2.74,0.0,0.0,1,1,0,1,0,1,0,0,1,0,1,0,0,1,0,1,0
25.11,10.0,0,0.454,13.03,0.0,0.0,331,25.0,0.0,1.14,22,1,1,0.0,0.0,103.0,-5.1,2.0,0.0,50.0,313.9,0.0,0.0,0.0,3,0.0,0.0,0.0,0.0,0.0,10.0,0.522,3.71,3.2,200.0,61.0,4.93,0.0,0.0,1,1,0,1,0,1,0,0,1,0,1,0,0,1,0,1,0
23.42,10.0,0,0.451,17.01,0.0,0.0,331,25.0,0.0,1.201,22,1,1,0.0,0.0,99.0,-5.1,2.0,0.0,50.0,313.9,0.0,0.0,0.0,3,0.0,0.0,4.0,0.0,0.0,10.0,0.542,3.7,3.2,200.0,25.0,4.93,0.0,0.0,1,1,0,1,0,1,0,0,1,0,1,0,0,1,0,1,0
24.14,10.0,0,0.459,14.18,0.0,0.0,331,25.0,0.0,1.173,22,1,1,0.0,0.0,97.0,-5.1,2.0,0.0,50.0,313.9,0.0,0.0,0.0,3,0.0,0.0,6.0,0.0,0.0,10.0,0.539,3.73,3.2,200.0,12.0,4.93,0.0,0.0,1,1,0,1,0,1,0,0,1,0,1,0,0,1,0,1,0
24.3,10.0,0,0.438,16.28,0.0,0.0,331,25.0,0.0,1.194,22,1,1,0.0,0.0,95.0,-5.1,2.0,0.0,50.0,313.9,0.0,0.0,0.0,3,0.0,0.0,8.0,0.0,0.0,10.0,0.523,3.73,3.2,200.0,17.0,4.93,0.0,0.0,1,1,0,1,0,1,0,0,1,0,1,0,0,1,0,1,0
25.01,10.0,0,0.447,17.01,0.0,0.0,331,25.0,0.0,1.205,22,1,1,0.0,0.0,99.0,-5.1,2.0,0.0,50.0,313.9,0.0,0.0,0.0,3,4.0,0.0,0.0,0.0,0.0,10.0,0.539,3.7,3.2,200.0,19.0,4.93,0.0,0.0,1,1,0,1,0,1,0,0,1,0,1,0,0,1,0,1,0
26.56,10.0,0,0.473,16.31,0.0,0.0,331,25.0,0.0,1.194,22,1,1,0.0,0.0,97.0,-5.1,2.0,0.0,50.0,313.9,0.0,0.0,0.0,3,6.0,0.0,0.0,0.0,0.0,10.0,0.565,3.71,3.2,200.0,17.0,4.93,0.0,0.0,1,1,0,1,0,1,0,0,1,0,1,0,0,1,0,1,0
25.76,10.0,0,0.46,16.79,0.0,0.0,331,25.0,0.0,1.202,22,1,1,0.0,0.0,95.0,-5.1,2.0,0.0,50.0,313.9,0.0,0.0,0.0,3,8.0,0.0,0.0,0.0,0.0,10.0,0.553,3.71,3.2,200.0,12.0,4.93,0.0,0.0,1,1,0,1,0,1,0,0,1,0,1,0,0,1,0,1,0
25.17,10.0,0,0.427,15.93,0.0,0.0,331,25.0,0.0,1.189,22,1,1,0.0,0.0,99.0,-5.1,2.0,0.0,50.0,313.9,0.0,0.0,4.0,3,0.0,0.0,0.0,0.0,0.0,10.0,0.508,3.73,3.2,200.0,10.0,4.93,0.0,0.0,1,1,0,1,0,1,0,0,1,0,1,0,0,1,0,1,0
25.11,10.0,0,0.478,15.72,0.0,0.0,331,25.0,0.0,1.186,22,1,1,0.0,0.0,97.0,-5.1,2.0,0.0,50.0,313.9,0.0,0.0,6.0,3,0.0,0.0,0.0,0.0,0.0,10.0,0.567,3.7,3.2,200.0,14.0,4.93,0.0,0.0,1,1,0,1,0,1,0,0,1,0,1,0,0,1,0,1,0
26.56,10.0,0,0.422,17.68,0.0,0.0,331,25.0,0.0,1.21,22,1,1,0.0,0.0,95.0,-5.1,2.0,0.0,50.0,313.9,0.0,0.0,8.0,3,0.0,0.0,0.0,0.0,0.0,10.0,0.537,3.7,3.2,200.0,9.0,4.93,0.0,0.0,1,1,0,1,0,1,0,0,1,0,1,0,0,1,0,1,0
32.15,18.0,0,0.293,29.9,0.0,5.0,279,25.0,0.0,1.42,21,3,2,0.0,0.0,0.0,-2.86,2.0,60.0,46.0,313.9,0.0,0.0,0.0,5,5.0,0.0,0.0,0.0,0.0,4.0,0.418,3.84,32.7,170.0,26.0,2.74,0.0,0.0,1,1,0,1,0,1,0,0,1,0,1,0,0,1,0,1,0
30.46,18.0,0,0.308,31.55,0.0,5.0,279,25.0,0.0,1.46,21,3,2,0.0,0.0,0.0,-2.86,2.0,55.0,46.0,313.9,0.0,0.0,0.0,5,10.0,0.0,0.0,0.0,0.0,4.0,0.45,4.1,32.7,170.0,28.0,2.74,0.0,0.0,1,1,0,1,0,1,0,0,1,0,1,0,0,1,0,1,0
31.56,18.0,0,0.304,32.44,0.0,5.0,279,25.0,0.0,1.48,21,3,2,0.0,0.0,0.0,-2.86,2.0,50.0,46.0,313.9,0.0,0.0,0.0,5,15.0,0.0,0.0,0.0,0.0,4.0,0.45,4.1,32.7,170.0,25.0,2.74,0.0,0.0,1,1,0,1,0,1,0,0,1,0,1,0,0,1,0,1,0
33.46,18.0,0,0.296,31.42,0.0,5.0,279,25.0,0.0,1.42,21,3,2,0.0,0.0,0.0,-2.86,2.0,45.0,46.0,313.9,0.0,0.0,0.0,5,20.0,0.0,0.0,0.0,0.0,4.0,0.422,4.11,32.7,170.0,30.0,2.74,0.0,0.0,1,1,0,1,0,1,0,0,1,0,1,0,0,1,0,1,0
32.61,18.0,0,0.318,29.89,0.0,5.0,279,25.0,0.0,1.38,21,3,2,0.0,0.0,0.0,-2.86,2.0,60.0,46.0,313.9,0.0,0.0,0.0,5,0.0,0.0,5.0,0.0,0.0,4.0,0.441,4.09,32.7,170.0,31.0,2.74,0.0,0.0,1,1,0,1,0,1,0,0,1,0,1,0,0,1,0,1,0
32.26,18.0,0,0.328,29.46,0.0,5.0,279,25.0,0.0,1.41,21,3,2,0.0,0.0,0.0,-2.86,2.0,55.0,46.0,313.9,0.0,0.0,0.0,5,0.0,0.0,10.0,0.0,0.0,4.0,0.465,4.1,32.7,170.0,30.0,2.74,0.0,0.0,1,1,0,1,0,1,0,0,1,0,1,0,0,1,0,1,0
34.33,18.0,0,0.316,27.85,0.0,5.0,279,25.0,0.0,1.38,21,3,2,0.0,0.0,0.0,-2.86,2.0,50.0,46.0,313.9,0.0,0.0,0.0,5,0.0,0.0,15.0,0.0,0.0,4.0,0.438,4.09,32.7,170.0,29.0,2.74,0.0,0.0,1,1,0,1,0,1,0,0,1,0,1,0,0,1,0,1,0
33.42,18.0,0,0.366,33.4,0.0,5.0,279,25.0,0.0,1.36,21,3,2,0.0,0.0,0.0,-2.86,2.0,45.0,46.0,313.9,0.0,0.0,0.0,5,0.0,0.0,20.0,0.0,0.0,4.0,0.55,4.09,32.7,170.0,28.0,2.74,0.0,0.0,1,1,0,1,0,1,0,0,1,0,1,0,0,1,0,1,0
32.51,18.0,0,0.309,31.63,0.0,5.0,279,25.0,0.0,1.46,21,3,2,0.0,0.0,0.0,-2.86,2.0,60.0,46.0,313.9,0.0,5.0,0.0,5,0.0,0.0,0.0,0.0,0.0,4.0,0.452,4.1,32.7,170.0,26.0,2.74,0.0,0.0,1,1,0,1,0,1,0,0,1,0,1,0,0,1,0,1,0
31.62,18.0,0,0.309,26.42,0.0,5.0,279,25.0,0.0,1.35,21,3,2,0.0,0.0,0.0,-2.86,2.0,55.0,46.0,313.9,0.0,10.0,0.0,5,0.0,0.0,0.0,0.0,0.0,4.0,0.042,4.1,32.7,170.0,28.0,2.74,0.0,0.0,1,1,0,1,0,1,0,0,1,0,1,0,0,1,0,1,0
30.67,18.0,0,0.322,27.8,0.0,5.0,279,25.0,0.0,1.38,21,3,2,0.0,0.0,0.0,-2.86,2.0,50.0,46.0,313.9,0.0,15.0,0.0,5,0.0,0.0,0.0,0.0,0.0,4.0,0.446,4.09,32.7,170.0,27.0,2.74,0.0,0.0,1,1,0,1,0,1,0,0,1,0,1,0,0,1,0,1,0
30.71,18.0,0,0.307,31.62,0.0,5.0,279,25.0,0.0,1.46,21,3,2,0.0,0.0,0.0,-2.86,2.0,45.0,46.0,313.9,0.0,20.0,0.0,5,0.0,0.0,0.0,0.0,0.0,4.0,0.449,4.1,32.7,170.0,26.0,2.74,0.0,0.0,1,1,0,1,0,1,0,0,1,0,1,0,0,1,0,1,0
31.82,18.0,0,0.328,29.46,0.0,5.0,279,25.0,0.0,1.41,21,3,2,5.0,0.0,0.0,-2.86,2.0,60.0,46.0,313.9,0.0,0.0,0.0,5,0.0,0.0,0.0,0.0,0.0,4.0,0.465,4.09,32.7,170.0,29.0,2.74,0.0,0.0,1,1,0,1,0,1,0,0,1,0,1,0,0,1,0,1,0
32.31,18.0,0,0.316,24.85,0.0,5.0,279,25.0,0.0,1.38,21,3,2,10.0,0.0,0.0,-2.86,2.0,55.0,46.0,313.9,0.0,0.0,0.0,5,0.0,0.0,0.0,0.0,0.0,4.0,0.438,4.09,32.7,170.0,24.0,2.74,0.0,0.0,1,1,0,1,0,1,0,0,1,0,1,0,0,1,0,1,0
33.23,18.0,0,0.318,29.89,0.0,5.0,279,25.0,0.0,1.36,21,3,2,15.0,0.0,0.0,-2.86,2.0,50.0,46.0,313.9,0.0,0.0,0.0,5,0.0,0.0,0.0,0.0,0.0,4.0,0.441,4.1,32.7,170.0,26.0,2.74,0.0,0.0,1,1,0,1,0,1,0,0,1,0,1,0,0,1,0,1,0
31.32,18.0,0,0.366,33.45,0.0,5.0,279,25.0,0.0,1.41,21,3,2,20.0,0.0,0.0,-2.86,2.0,45.0,46.0,313.9,0.0,0.0,0.0,5,0.0,0.0,0.0,0.0,0.0,4.0,0.55,4.1,32.7,170.0,28.0,2.74,0.0,0.0,1,1,0,1,0,1,0,0,1,0,1,0,0,1,0,1,0
0.0,3.0,0,0.0,0.0,0.0,0.0,411,100.0,0.0,0.0,23,5,2,0.0,0.0,0.0,-4.76,2.0,0.0,133.0,354.2,0.0,0.0,0.0,7,30.0,0.0,0.0,0.0,0.0,6.0,0.0,0.0,75.6,280.0,13.0,4.3,0.0,0.0,2,1,0,1,0,1,0,0,1,0,1,0,0,0,1,1,0
0.0,3.0,0,0.0,0.0,0.0,0.0,411,100.0,0.0,0.0,23,5,2,0.0,0.0,0.0,-4.76,2.0,0.0,133.0,354.2,0.0,0.0,0.0,7,30.0,0.0,0.0,0.0,0.0,6.0,0.0,0.0,75.6,280.0,14.0,4.3,0.0,0.0,2,1,0,1,0,1,0,0,1,0,1,0,0,0,1,1,0
0.0,3.0,0,0.0,0.0,0.0,0.0,411,100.0,0.0,0.0,23,5,2,0.0,0.0,0.0,-4.76,2.0,0.0,133.0,354.2,0.0,0.0,0.0,7,30.0,0.0,0.0,0.0,0.0,6.0,0.0,0.0,75.6,280.0,13.0,4.3,0.0,0.0,2,1,0,1,0,1,0,0,1,0,1,0,0,0,1,1,0
0.0,3.0,0,0.0,0.0,0.0,0.0,411,100.0,0.0,0.0,23,5,2,0.0,0.0,0.0,-4.76,2.0,0.0,133.0,354.2,0.0,0.0,0.0,7,30.0,0.0,0.0,0.0,0.0,6.0,0.0,0.0,75.6,280.0,15.0,4.3,0.0,0.0,2,1,0,1,0,1,0,0,1,0,1,0,0,0,1,1,0
0.0,5.0,0,0.0,0.0,0.0,0.0,411,250.0,0.0,0.0,23,5,2,0.0,0.0,0.0,-4.76,2.0,25.0,104.0,354.2,0.0,0.0,5.0,7,0.0,0.0,0.0,0.0,0.0,4.0,0.0,6.05,75.6,400.0,37.0,4.3,0.0,0.0,2,1,0,1,0,1,0,0,1,0,1,0,0,1,0,1,0
0.0,5.0,0,0.0,0.0,0.0,0.0,411,250.0,0.0,0.0,23,5,2,0.0,0.0,0.0,-4.76,2.0,25.0,99.0,354.2,0.0,0.0,10.0,7,0.0,0.0,0.0,0.0,0.0,4.0,0.0,6.05,75.6,400.0,35.0,4.3,0.0,0.0,2,1,0,1,0,1,0,0,1,0,1,0,0,1,0,1,0
0.0,5.0,0,0.0,0.0,0.0,0.0,411,250.0,0.0,0.0,23,5,2,0.0,0.0,0.0,-4.76,2.0,25.0,94.0,354.2,0.0,0.0,20.0,7,0.0,0.0,0.0,0.0,0.0,4.0,0.0,6.05,75.6,405.0,22.0,4.3,0.0,0.0,2,1,0,1,0,1,0,0,1,0,1,0,0,1,0,1,0
0.0,5.0,0,0.0,0.0,0.0,0.0,411,250.0,0.0,0.0,23,5,2,0.0,0.0,0.0,-4.76,2.0,25.0,104.0,354.2,0.0,0.0,0.0,7,5.0,0.0,0.0,0.0,0.0,4.0,0.0,6.05,75.6,400.0,39.0,4.3,0.0,0.0,2,1,0,1,0,1,0,0,1,0,1,0,0,1,0,1,0
0.0,5.0,0,0.0,0.0,0.0,0.0,411,250.0,0.0,0.0,23,5,2,0.0,0.0,0.0,-4.76,2.0,25.0,99.0,354.2,0.0,0.0,0.0,7,10.0,0.0,0.0,0.0,0.0,4.0,0.0,6.05,75.6,400.0,34.0,4.3,0.0,0.0,2,1,0,1,0,1,0,0,1,0,1,0,0,1,0,1,0
0.0,5.0,0,0.0,0.0,0.0,0.0,411,250.0,0.0,0.0,23,5,2,0.0,0.0,0.0,-4.76,2.0,25.0,94.0,354.2,0.0,0.0,0.0,7,20.0,0.0,0.0,0.0,0.0,4.0,0.0,6.05,75.6,405.0,31.0,4.3,0.0,0.0,2,1,0,1,0,1,0,0,1,0,1,0,0,1,0,1,0
0.0,5.0,0,0.0,0.0,0.0,0.0,411,250.0,0.0,0.0,23,5,2,0.0,0.0,0.0,-4.76,2.0,25.0,104.0,354.2,0.0,0.0,0.0,7,0.0,0.0,10.0,0.0,0.0,4.0,0.0,6.05,75.6,405.0,39.0,4.3,0.0,0.0,2,1,0,1,0,1,0,0,1,0,1,0,0,1,0,1,0
0.0,5.0,0,0.0,0.0,0.0,0.0,411,250.0,0.0,0.0,23,5,2,0.0,0.0,0.0,-4.76,2.0,25.0,99.0,354.2,0.0,0.0,0.0,7,0.0,0.0,10.0,0.0,0.0,4.0,0.0,6.05,75.6,400.0,37.0,4.3,0.0,0.0,2,1,0,1,0,1,0,0,1,0,1,0,0,1,0,1,0
0.0,5.0,0,0.0,0.0,0.0,0.0,411,250.0,0.0,0.0,23,5,2,0.0,0.0,0.0,-4.76,2.0,25.0,94.0,354.2,0.0,0.0,0.0,7,0.0,0.0,20.0,0.0,0.0,4.0,0.0,6.05,75.6,405.0,34.0,4.3,0.0,0.0,2,1,0,1,0,1,0,0,1,0,1,0,0,1,0,1,0
20.3,10.0,0,0.481,17.6,0.0,0.0,411,100.0,6.0,1.21,23,5,2,0.0,0.0,0.0,-4.76,6.0,30.0,144.0,354.2,0.0,0.0,0.0,7,0.0,0.0,0.0,0.0,0.0,4.0,0.584,0.0,75.6,300.0,29.0,4.3,0.0,0.0,2,1,0,1,0,1,0,0,1,0,1,0,0,1,0,1,0
24.7,10.0,15,0.484,11.7,0.0,0.0,411,100.0,6.0,1.13,23,5,2,0.0,0.0,0.0,-4.76,6.0,30.0,129.0,354.2,0.0,0.0,0.0,7,0.0,0.0,0.0,0.0,0.0,4.0,0.548,0.0,75.6,300.0,26.0,4.3,0.0,0.0,2,1,0,1,0,1,0,0,1,0,1,0,0,1,0,1,0
21.3,10.0,30,0.458,16.6,0.0,0.0,411,100.0,6.0,1.2,23,5,2,0.0,0.0,0.0,-4.76,6.0,30.0,114.0,354.2,0.0,0.0,0.0,7,0.0,0.0,0.0,0.0,0.0,4.0,0.55,0.0,75.6,300.0,31.0,4.3,0.0,0.0,2,1,0,1,0,1,0,0,1,0,1,0,0,1,0,1,0
22.78,10.0,0,0.514,12.5,0.0,0.0,411,100.0,15.0,1.14,23,5,2,0.0,0.0,0.0,-4.76,6.0,30.0,135.0,354.2,0.0,0.0,0.0,7,0.0,0.0,0.0,0.0,0.0,4.0,0.587,0.0,75.6,300.0,24.0,4.3,0.0,0.0,2,1,0,1,0,1,0,0,1,0,1,0,0,1,0,1,0
22.79,10.0,15,0.515,12.8,0.0,0.0,411,100.0,15.0,1.14,23,5,2,0.0,0.0,0.0,-4.76,6.0,30.0,120.0,354.2,0.0,0.0,0.0,7,0.0,0.0,0.0,0.0,0.0,4.0,0.589,0.0,75.6,300.0,18.0,4.3,0.0,0.0,2,1,0,1,0,1,0,0,1,0,1,0,0,1,0,1,0
21.3,10.0,30,0.504,14.06,0.0,0.0,411,100.0,15.0,1.17,23,5,2,0.0,0.0,0.0,-4.76,6.0,30.0,105.0,354.2,0.0,0.0,0.0,7,0.0,0.0,0.0,0.0,0.0,4.0,0.59,0.0,75.6,300.0,28.0,4.3,0.0,0.0,2,1,0,1,0,1,0,0,1,0,1,0,0,1,0,1,0
22.29,10.0,0,0.482,15.2,0.0,0.0,411,100.0,24.0,1.18,23,5,2,0.0,0.0,0.0,-4.76,6.0,30.0,126.0,354.2,0.0,0.0,0.0,7,0.0,0.0,0.0,0.0,0.0,4.0,0.57,0.0,75.6,300.0,21.0,4.3,0.0,0.0,2,1,0,1,0,1,0,0,1,0,1,0,0,1,0,1,0
23.74,10.0,15,0.484,12.9,0.0,0.0,411,100.0,24.0,1.14,23,5,2,0.0,0.0,0.0,-4.76,6.0,30.0,111.0,354.2,0.0,0.0,0.0,7,0.0,0.0,0.0,0.0,0.0,4.0,0.556,0.0,75.6,300.0,25.0,4.3,0.0,0.0,2,1,0,1,0,1,0,0,1,0,1,0,0,1,0,1,0
25.64,10.0,30,0.514,15.0,0.0,0.0,411,100.0,24.0,1.17,23,5,2,0.0,0.0,0.0,-4.76,6.0,30.0,96.0,354.2,0.0,0.0,0.0,7,0.0,0.0,0.0,0.0,0.0,4.0,0.605,0.0,75.6,300.0,38.0,4.3,0.0,0.0,2,1,0,1,0,1,0,0,1,0,1,0,0,1,0,1,0
17.21,0.0,0,0.4,16.26,0.0,0.0,411,100.0,0.0,1.17,23,5,2,0.0,0.0,136.0,-4.76,7.0,0.0,100.0,354.2,0.0,0.0,7.0,7,0.0,0.0,0.0,0.0,0.0,0.0,0.46,0.0,75.6,350.0,0.0,4.3,0.0,0.0,2,1,0,1,0,1,0,0,1,0,1,0,0,1,0,1,0
14.27,0.0,0,0.38,11.45,0.0,0.0,411,100.0,0.0,1.12,23,5,2,0.0,0.0,129.0,-4.76,7.0,0.0,100.0,354.2,0.0,0.0,14.0,7,0.0,0.0,0.0,0.0,0.0,0.0,0.41,0.0,75.6,350.0,0.0,4.3,0.0,0.0,2,1,0,1,0,1,0,0,1,0,1,0,0,1,0,1,0
19.03,0.0,0,0.39,13.22,0.0,0.0,411,100.0,0.0,1.15,23,5,2,0.0,0.0,122.0,-4.76,7.0,0.0,100.0,354.2,0.0,0.0,21.0,7,0.0,0.0,0.0,0.0,0.0,0.0,0.44,0.0,75.6,350.0,0.0,4.3,0.0,0.0,2,1,0,1,0,1,0,0,1,0,1,0,0,1,0,1,0
23.9,0.0,0,0.41,14.59,0.0,0.0,411,100.0,0.0,1.18,23,5,2,0.0,0.0,136.0,-4.76,7.0,0.0,100.0,354.2,7.0,0.0,0.0,7,0.0,0.0,0.0,0.0,0.0,0.0,0.46,0.0,75.6,350.0,0.0,4.3,0.0,0.0,2,1,0,1,0,1,0,0,1,0,1,0,0,1,0,1,0
25.18,0.0,0,0.36,11.27,0.0,0.0,411,100.0,0.0,1.16,23,5,2,0.0,0.0,129.0,-4.76,7.0,0.0,100.0,354.2,14.0,0.0,0.0,7,0.0,0.0,0.0,0.0,0.0,0.0,0.58,0.0,75.6,350.0,0.0,4.3,0.0,0.0,2,1,0,1,0,1,0,0,1,0,1,0,0,1,0,1,0
27.11,0.0,0,0.41,12.85,0.0,0.0,411,100.0,0.0,1.11,23,5,2,0.0,0.0,122.0,-4.76,7.0,0.0,100.0,354.2,21.0,0.0,0.0,7,0.0,0.0,0.0,0.0,0.0,0.0,0.46,0.0,75.6,350.0,0.0,4.3,0.0,0.0,2,1,0,1,0,1,0,0,1,0,1,0,0,1,0,1,0
0.0,0.0,0,0.0,0.0,0.0,0.0,411,100.0,8.8,0.0,23,5,2,0.0,0.0,291.6,-4.76,8.8,0.0,0.0,354.2,0.0,0.0,0.0,7,0.0,0.0,0.0,0.0,22.0,8.8,0.0,0.0,75.6,440.0,0.0,4.3,0.0,0.0,2,1,0,1,0,1,0,0,1,0,1,0,0,1,0,1,0
0.0,0.0,0,0.0,0.0,0.0,0.0,411,100.0,8.8,0.0,23,5,2,0.0,0.0,291.6,-4.76,8.8,0.0,0.0,354.2,0.0,0.0,0.0,7,0.0,0.0,0.0,0.0,11.0,8.8,0.0,0.0,75.6,440.0,0.0,4.3,0.0,0.0,2,1,0,1,0,1,0,0,1,0,1,0,0,1,0,1,0
0.0,0.0,0,0.0,0.0,0.0,0.0,411,100.0,8.8,0.0,23,5,2,0.0,0.0,291.6,-4.76,8.8,0.0,0.0,354.2,0.0,0.0,0.0,7,0.0,0.0,0.0,0.0,0.0,8.8,0.0,0.0,75.6,440.0,0.0,4.3,0.0,0.0,2,1,0,1,0,1,0,0,1,0,1,0,0,1,0,1,0
0.0,0.0,0,0.0,0.0,0.0,0.0,411,100.0,8.8,0.0,23,5,2,0.0,0.0,291.6,-4.76,8.8,0.0,22.0,354.2,0.0,0.0,0.0,7,0.0,0.0,0.0,0.0,0.0,8.8,0.0,0.0,75.6,440.0,0.0,4.3,0.0,0.0,2,1,0,1,0,1,0,0,1,0,1,0,0,1,0,1,0
0.0,0.0,0,0.0,0.0,0.0,0.0,411,100.0,0.0,0.0,23,5,2,0.0,0.0,0.0,-4.76,2.0,0.0,397.4,354.2,0.0,0.0,38.5,7,0.0,0.0,0.0,0.0,0.0,0.0,0.0,4.3,75.6,550.0,50.0,4.3,0.0,0.0,2,1,0,1,0,0,1,0,1,0,1,0,0,1,0,1,0
40.0,10.0,0,0.47,22.16,0.0,0.0,411,100.0,0.0,1.27,23,5,2,7.0,0.0,0.0,-4.76,0.0,72.0,0.0,354.2,0.0,0.0,0.0,7,6.0,0.0,0.0,0.0,0.0,5.0,0.59,0.4,75.6,200.0,75.0,4.3,0.0,0.0,2,1,0,1,0,1,0,0,1,0,1,0,0,1,0,1,0
41.0,10.0,0,0.48,20.12,0.0,0.0,411,100.0,0.0,1.24,23,5,2,7.0,0.0,0.0,-4.76,0.0,69.0,0.0,354.2,0.0,0.0,0.0,7,9.0,0.0,0.0,0.0,0.0,5.0,0.62,0.4,75.6,200.0,45.0,4.3,0.0,0.0,2,1,0,1,0,1,0,0,1,0,1,0,0,1,0,1,0
38.0,10.0,0,0.5,18.77,0.0,0.0,411,100.0,0.0,1.19,23,5,2,7.0,0.0,0.0,-4.76,0.0,66.0,0.0,354.2,0.0,0.0,0.0,7,12.0,0.0,0.0,0.0,0.0,5.0,0.68,0.4,75.6,200.0,42.0,4.3,0.0,0.0,2,1,0,1,0,1,0,0,1,0,1,0,0,1,0,1,0
39.0,10.0,0,0.4,16.66,0.0,0.0,411,100.0,0.0,1.2,23,5,2,7.0,0.0,0.0,-4.76,0.0,63.0,0.0,354.2,0.0,0.0,0.0,7,15.0,0.0,0.0,0.0,0.0,5.0,0.48,0.4,75.6,200.0,38.0,4.3,0.0,0.0,2,1,0,1,0,1,0,0,1,0,1,0,0,1,0,1,0
36.0,10.0,0,0.53,24.28,0.0,0.0,411,100.0,0.0,1.32,23,5,2,7.0,0.0,0.0,-4.76,0.0,60.0,0.0,354.2,0.0,0.0,0.0,7,18.0,0.0,0.0,0.0,0.0,5.0,0.7,0.4,75.6,200.0,30.0,4.3,0.0,0.0,2,1,0,1,0,1,0,0,1,0,1,0,0,1,0,1,0
36.0,10.0,0,0.36,23.52,0.0,0.0,411,100.0,0.0,1.24,23,5,2,7.0,0.0,0.0,-4.76,0.0,72.0,0.0,354.2,6.0,0.0,0.0,7,0.0,0.0,0.0,0.0,0.0,5.0,0.56,0.4,75.6,200.0,88.0,4.3,0.0,0.0,2,1,0,1,0,1,0,0,1,0,1,0,0,1,0,1,0
32.0,10.0,0,0.37,21.27,0.0,0.0,411,100.0,0.0,1.45,23,5,2,7.0,0.0,0.0,-4.76,0.0,69.0,0.0,354.2,9.0,0.0,0.0,7,0.0,0.0,0.0,0.0,0.0,5.0,0.47,0.4,75.6,200.0,65.0,4.3,0.0,0.0,2,1,0,1,0,1,0,0,1,0,1,0,0,1,0,1,0
41.0,10.0,0,0.39,20.4,0.0,0.0,411,100.0,0.0,1.23,23,5,2,7.0,0.0,0.0,-4.76,0.0,66.0,0.0,354.2,12.0,0.0,0.0,7,0.0,0.0,0.0,0.0,0.0,5.0,0.49,0.4,75.6,200.0,52.0,4.3,0.0,0.0,2,1,0,1,0,1,0,0,1,0,1,0,0,1,0,1,0
39.0,10.0,0,0.38,28.31,0.0,0.0,411,100.0,0.0,1.56,23,5,2,7.0,0.0,0.0,-4.76,0.0,63.0,0.0,354.2,15.0,0.0,0.0,7,0.0,0.0,0.0,0.0,0.0,5.0,0.55,0.4,75.6,200.0,48.0,4.3,0.0,0.0,2,1,0,1,0,1,0,0,1,0,1,0,0,1,0,1,0
40.0,10.0,0,0.54,31.64,0.0,0.0,411,100.0,0.0,1.46,23,5,2,7.0,0.0,0.0,-4.76,0.0,60.0,0.0,354.2,18.0,0.0,0.0,7,0.0,0.0,0.0,0.0,0.0,5.0,0.79,0.4,75.6,200.0,45.0,4.3,0.0,0.0,2,1,0,1,0,1,0,0,1,0,1,0,0,1,0,1,0
0.0,10.0,0,0.0,0.0,0.0,7.0,411,100.0,0.0,0.0,23,5,2,0.0,0.0,0.0,-4.76,2.0,0.0,77.0,354.2,0.0,0.0,0.0,7,4.0,0.0,0.0,0.0,0.0,0.0,0.0,2.69,75.6,200.0,0.0,4.3,0.0,0.0,2,1,0,1,0,1,0,0,1,0,1,0,0,1,0,1,0
0.0,0.0,0,0.0,0.0,0.0,0.0,411,100.0,8.8,0.0,23,5,2,0.0,0.0,291.6,-4.76,8.8,0.0,0.0,354.2,0.0,0.0,0.0,7,0.0,0.0,0.0,0.0,22.0,8.8,0.0,0.0,75.6,440.0,0.0,4.3,0.0,0.0,2,1,0,1,0,1,0,0,1,0,1,0,0,1,0,1,0
0.0,0.0,0,0.0,0.0,0.0,0.0,411,100.0,8.8,0.0,23,5,2,0.0,0.0,291.6,-4.76,8.8,0.0,0.0,354.2,0.0,0.0,0.0,7,0.0,0.0,0.0,0.0,11.0,8.8,0.0,0.0,75.6,440.0,0.0,4.3,0.0,0.0,2,1,0,1,0,1,0,0,1,0,1,0,0,1,0,1,0
0.0,0.0,0,0.0,0.0,0.0,0.0,411,100.0,8.8,0.0,23,5,2,0.0,0.0,291.6,-4.76,8.8,0.0,0.0,354.2,0.0,0.0,0.0,7,0.0,0.0,0.0,0.0,0.0,8.8,0.0,0.0,75.6,440.0,0.0,4.3,0.0,0.0,2,1,0,1,0,1,0,0,1,0,1,0,0,1,0,1,0
0.0,0.0,0,0.0,0.0,0.0,0.0,411,100.0,8.8,0.0,23,5,2,0.0,0.0,291.6,-4.76,8.8,0.0,22.0,354.2,0.0,0.0,0.0,7,0.0,0.0,0.0,0.0,0.0,8.8,0.0,0.0,75.6,440.0,0.0,4.3,0.0,0.0,2,1,0,1,0,1,0,0,1,0,1,0,0,1,0,1,0
26.56,0.0,0,0.53,13.11,16.0,0.0,526,25.0,0.0,1.15,31,6,1,0.0,0.0,0.0,-6.72,3.0,79.0,45.0,461.0,0.0,4.0,0.0,8,0.0,0.0,0.0,0.0,0.0,2.0,0.61,0.0,77.7,198.0,0.0,4.85,0.0,24.0,3,1,0,1,0,1,0,0,1,0,1,0,0,1,0,1,0
25.97,0.0,0,0.51,12.06,20.0,0.0,526,25.0,0.0,1.13,31,6,1,0.0,0.0,0.0,-6.72,3.0,77.0,45.0,461.0,0.0,6.0,0.0,8,0.0,0.0,0.0,0.0,0.0,2.0,0.58,0.0,77.7,198.0,0.0,4.85,0.0,20.0,3,1,0,1,0,1,0,0,1,0,1,0,0,1,0,1,0
24.77,0.0,0,0.5,13.79,12.0,0.0,526,25.0,0.0,1.16,31,6,1,0.0,0.0,0.0,-6.72,3.0,75.0,45.0,461.0,0.0,8.0,0.0,8,0.0,0.0,0.0,0.0,0.0,2.0,0.58,0.0,77.7,198.0,0.0,4.85,0.0,28.0,3,1,0,1,0,1,0,0,1,0,1,0,0,1,0,1,0
25.27,0.0,0,0.51,15.0,16.0,0.0,526,25.0,0.0,1.17,31,6,1,0.0,0.0,0.0,-6.72,3.0,79.0,45.0,461.0,0.0,4.0,0.0,8,0.0,0.0,0.0,0.0,0.0,2.0,0.6,0.0,77.7,198.0,0.0,4.85,0.0,24.0,3,1,0,1,0,1,0,0,1,0,1,0,0,1,0,1,0
23.19,0.0,0,0.55,14.22,20.0,0.0,526,25.0,0.0,1.16,31,6,1,0.0,0.0,0.0,-6.72,3.0,77.0,45.0,461.0,0.0,6.0,0.0,8,0.0,0.0,0.0,0.0,0.0,2.0,0.64,0.0,77.7,198.0,0.0,4.85,0.0,20.0,3,1,0,1,0,1,0,0,1,0,1,0,0,1,0,1,0
24.1,0.0,0,0.53,11.66,12.0,0.0,526,25.0,0.0,1.13,31,6,1,0.0,0.0,0.0,-6.72,3.0,75.0,45.0,461.0,0.0,8.0,0.0,8,0.0,0.0,0.0,0.0,0.0,2.0,0.6,0.0,77.7,198.0,0.0,4.85,0.0,28.0,3,1,0,1,0,1,0,0,1,0,1,0,0,1,0,1,0
0.0,0.0,0,0.0,0.0,0.0,2.0,526,50.0,0.0,0.0,31,6,1,0.0,0.0,66.0,-6.72,2.0,0.0,66.0,461.0,0.0,0.0,6.0,8,0.0,0.0,0.0,0.0,0.0,0.0,0.0,4.2,77.7,200.0,0.0,4.85,0.0,0.0,3,1,0,1,0,0,0,1,1,0,1,0,0,1,0,1,0
0.0,0.0,0,0.0,0.0,0.0,2.0,526,50.0,0.0,0.0,31,6,1,0.0,0.0,64.0,-6.72,2.0,0.0,64.0,461.0,0.0,0.0,10.0,8,0.0,0.0,0.0,0.0,0.0,0.0,0.0,4.1,77.7,200.0,0.0,4.85,0.0,0.0,3,1,0,1,0,0,0,1,1,0,1,0,0,1,0,1,0
0.0,0.0,0,0.0,0.0,0.0,2.0,526,50.0,0.0,0.0,31,6,1,0.0,0.0,59.0,-6.72,2.0,0.0,59.0,461.0,0.0,0.0,20.0,8,0.0,0.0,0.0,0.0,0.0,0.0,0.0,4.2,77.7,200.0,0.0,4.85,0.0,0.0,3,1,0,1,0,0,0,1,1,0,1,0,0,1,0,1,0
0.0,0.0,0,0.0,0.0,0.0,2.0,526,50.0,0.0,0.0,31,6,1,0.0,0.0,56.5,-6.72,2.0,0.0,56.5,461.0,0.0,0.0,25.0,8,0.0,0.0,0.0,0.0,0.0,0.0,0.0,4.1,77.7,200.0,38.0,4.85,0.0,0.0,3,1,0,1,0,0,0,1,1,0,1,0,0,1,0,1,0
0.0,0.0,0,0.0,0.0,0.0,2.0,526,50.0,0.0,0.0,31,6,1,0.0,0.0,50.25,-6.72,2.0,0.0,50.25,461.0,0.0,0.0,37.5,8,0.0,0.0,0.0,0.0,0.0,0.0,0.0,4.0,77.7,200.0,26.0,4.85,0.0,0.0,3,1,0,1,0,0,0,1,1,0,1,0,0,1,0,1,0
0.0,0.0,0,0.0,0.0,0.0,2.0,526,50.0,0.0,0.0,31,6,1,0.0,0.0,44.0,-6.72,2.0,0.0,44.0,461.0,0.0,0.0,50.0,8,0.0,0.0,0.0,0.0,0.0,0.0,0.0,4.3,77.7,200.0,18.66,4.85,0.0,0.0,3,1,0,1,0,0,0,1,1,0,1,0,0,1,0,1,0
0.0,0.0,0,0.0,0.0,0.0,2.0,526,50.0,0.0,0.0,31,6,1,0.0,0.0,40.25,-6.72,2.0,0.0,40.25,461.0,0.0,0.0,57.5,8,0.0,0.0,0.0,0.0,0.0,0.0,0.0,4.0,77.7,200.0,32.66,4.85,0.0,0.0,3,1,0,1,0,0,0,1,1,0,1,0,0,1,0,1,0
0.0,0.0,0,0.0,0.0,0.0,2.0,526,50.0,0.0,0.0,31,6,1,0.0,0.0,37.75,-6.72,2.0,0.0,37.75,461.0,0.0,0.0,62.5,8,0.0,0.0,0.0,0.0,0.0,0.0,0.0,4.1,77.7,200.0,48.33,4.85,0.0,0.0,3,1,0,1,0,0,0,1,1,0,1,0,0,1,0,1,0
0.0,0.0,0,0.0,0.0,0.0,2.0,526,50.0,0.0,0.0,31,6,1,0.0,0.0,84.75,-6.72,2.0,0.0,28.25,461.0,0.0,0.0,25.0,8,0.0,0.0,0.0,0.0,0.0,0.0,0.0,4.0,77.7,200.0,0.0,4.85,0.0,0.0,3,1,0,1,0,0,0,1,1,0,1,0,0,1,0,1,0
0.0,0.0,0,0.0,0.0,0.0,2.0,526,50.0,0.0,0.0,31,6,1,0.0,0.0,75.36,-6.72,2.0,0.0,25.12,461.0,0.0,0.0,37.5,8,0.0,0.0,0.0,0.0,0.0,0.0,0.0,4.3,77.7,199.98,0.0,4.85,0.0,0.0,3,1,0,1,0,0,0,1,1,0,1,0,0,1,0,1,0
0.0,0.0,0,0.0,0.0,0.0,2.0,526,50.0,0.0,0.0,31,6,1,0.0,0.0,66.0,-6.72,2.0,0.0,22.0,461.0,0.0,0.0,50.0,8,0.0,0.0,0.0,0.0,0.0,0.0,0.0,4.1,77.7,200.0,0.0,4.85,0.0,0.0,3,1,0,1,0,0,0,1,1,0,1,0,0,1,0,1,0
0.0,0.0,0,0.0,0.0,0.0,2.0,526,50.0,0.0,0.0,31,6,1,0.0,0.0,60.38,-6.72,2.0,0.0,20.12,461.0,0.0,0.0,57.5,8,0.0,0.0,0.0,0.0,0.0,0.0,0.0,4.2,77.7,200.0,0.0,4.85,0.0,0.0,3,1,0,1,0,0,0,1,1,0,1,0,0,1,0,1,0
0.0,0.0,0,0.0,0.0,0.0,2.0,526,50.0,0.0,0.0,31,6,1,0.0,0.0,56.63,-6.72,2.0,0.0,18.87,461.0,0.0,0.0,62.5,8,0.0,0.0,0.0,0.0,0.0,0.0,0.0,4.0,77.7,200.0,0.0,4.85,0.0,0.0,3,1,0,1,0,0,0,1,1,0,1,0,0,1,0,1,0
22.4,8.0,0,0.49,16.1,0.0,0.0,526,25.0,0.0,1.12,31,6,1,0.0,0.0,0.0,-6.72,2.0,149.0,56.0,461.0,0.0,0.0,8.0,8,0.0,0.0,0.0,0.0,0.0,2.0,0.57,1.4,77.7,250.0,29.21,4.85,0.0,0.0,3,1,0,1,0,1,0,0,1,0,1,0,0,1,0,1,0
21.2,8.0,0,0.51,15.9,0.0,0.0,526,25.0,0.0,1.11,31,6,1,0.0,0.0,0.0,-6.72,2.0,149.0,54.0,461.0,0.0,0.0,10.0,8,0.0,0.0,0.0,0.0,0.0,2.0,0.56,1.3,77.7,250.0,26.14,4.85,0.0,0.0,3,1,0,1,0,1,0,0,1,0,1,0,0,1,0,1,0
19.7,8.0,0,0.51,17.6,0.0,0.0,526,25.0,0.0,1.19,31,6,1,0.0,0.0,0.0,-6.72,2.0,149.0,52.0,461.0,0.0,0.0,12.0,8,0.0,0.0,0.0,0.0,0.0,2.0,0.57,1.4,77.7,250.0,21.12,4.85,0.0,0.0,3,1,0,1,0,1,0,0,1,0,1,0,0,1,0,1,0
18.8,8.0,0,0.54,13.2,0.0,0.0,526,25.0,0.0,1.15,31,6,1,0.0,0.0,0.0,-6.72,2.0,149.0,56.0,461.0,0.0,0.0,0.0,8,8.0,0.0,0.0,0.0,0.0,2.0,0.6,1.4,77.7,250.0,38.26,4.85,0.0,0.0,3,1,0,1,0,1,0,0,1,0,1,0,0,1,0,1,0
17.2,8.0,0,0.52,14.8,0.0,0.0,526,25.0,0.0,1.18,31,6,1,0.0,0.0,0.0,-6.72,2.0,149.0,54.0,461.0,0.0,0.0,0.0,8,10.0,0.0,0.0,0.0,0.0,2.0,0.56,1.4,77.7,250.0,35.18,4.85,0.0,0.0,3,1,0,1,0,1,0,0,1,0,1,0,0,1,0,1,0
19.2,8.0,0,0.53,15.4,0.0,0.0,526,25.0,0.0,1.21,31,6,1,0.0,0.0,0.0,-6.72,2.0,149.0,52.0,461.0,0.0,0.0,0.0,8,12.0,0.0,0.0,0.0,0.0,2.0,0.58,1.2,77.7,250.0,31.12,4.85,0.0,0.0,3,1,0,1,0,1,0,0,1,0,1,0,0,1,0,1,0
19.8,8.0,0,0.51,14.4,0.0,0.0,526,25.0,0.0,1.16,31,6,1,0.0,0.0,0.0,-6.72,2.0,149.0,56.0,461.0,0.0,0.0,0.0,8,0.0,0.0,8.0,0.0,0.0,2.0,0.55,1.4,77.7,250.0,58.23,4.85,0.0,0.0,3,1,0,1,0,1,0,0,1,0,1,0,0,1,0,1,0
17.6,8.0,0,0.5,16.4,0.0,0.0,526,25.0,0.0,1.19,31,6,1,0.0,0.0,0.0,-6.72,2.0,149.0,54.0,461.0,0.0,0.0,0.0,8,0.0,0.0,10.0,0.0,0.0,2.0,0.54,1.4,77.7,250.0,55.11,4.85,0.0,0.0,3,1,0,1,0,1,0,0,1,0,1,0,0,1,0,1,0
17.2,8.0,0,0.49,17.9,0.0,0.0,526,25.0,0.0,1.21,31,6,1,0.0,0.0,0.0,-6.72,2.0,149.0,52.0,461.0,0.0,0.0,0.0,8,0.0,0.0,12.0,0.0,0.0,2.0,0.5,1.3,77.7,250.0,53.72,4.85,0.0,0.0,3,1,0,1,0,1,0,0,1,0,1,0,0,1,0,1,0
25.63,5.0,0,0.462,16.6,0.0,0.0,526,25.0,0.0,1.19,31,6,1,0.0,0.0,0.0,-6.72,1.0,80.0,28.0,461.0,0.0,0.0,10.0,8,0.0,0.0,0.0,0.0,0.0,1.0,0.554,3.3,77.7,150.0,13.0,4.85,0.0,0.0,3,1,0,1,0,1,0,0,1,0,1,0,0,1,0,1,0
26.11,5.0,0,0.449,17.0,0.0,0.0,526,25.0,0.0,1.2,31,6,1,0.0,0.0,0.0,-6.72,1.0,84.0,28.0,461.0,0.0,0.0,6.0,8,0.0,0.0,0.0,0.0,0.0,1.0,0.541,3.3,77.7,150.0,14.0,4.85,0.0,0.0,3,1,0,1,0,1,0,0,1,0,1,0,0,1,0,1,0
23.36,5.0,0,0.441,17.7,0.0,0.0,526,25.0,0.0,1.21,31,6,1,0.0,0.0,0.0,-6.72,1.0,88.0,28.0,461.0,0.0,0.0,2.0,8,0.0,0.0,0.0,0.0,0.0,1.0,0.536,3.35,77.7,150.0,34.0,4.85,0.0,0.0,3,1,0,1,0,1,0,0,1,0,1,0,0,1,0,1,0
24.14,5.0,0,0.438,19.18,0.0,0.0,526,25.0,0.0,1.23,31,6,1,0.0,0.0,0.0,-6.72,1.0,80.0,28.0,461.0,0.0,0.0,0.0,8,10.0,0.0,0.0,0.0,0.0,1.0,0.542,3.3,77.7,150.0,15.0,4.85,0.0,0.0,3,1,0,1,0,1,0,0,1,0,1,0,0,1,0,1,0
24.17,5.0,0,0.432,21.16,0.0,0.0,526,25.0,0.0,1.26,31,6,1,0.0,0.0,0.0,-6.72,1.0,84.0,28.0,461.0,0.0,0.0,0.0,8,6.0,0.0,0.0,0.0,0.0,1.0,0.548,3.25,77.7,150.0,19.0,4.85,0.0,0.0,3,1,0,1,0,1,0,0,1,0,1,0,0,1,0,1,0
25.76,5.0,0,0.421,21.0,0.0,0.0,526,25.0,0.0,1.27,31,6,1,0.0,0.0,0.0,-6.72,1.0,88.0,28.0,461.0,0.0,0.0,0.0,8,2.0,0.0,0.0,0.0,0.0,1.0,0.538,3.25,77.7,150.0,42.0,4.85,0.0,0.0,3,1,0,1,0,1,0,0,1,0,1,0,0,1,0,1,0
26.11,5.0,0,0.425,15.7,0.0,0.0,526,25.0,0.0,1.18,31,6,1,0.0,0.0,0.0,-6.72,1.0,80.0,28.0,461.0,0.0,0.0,0.0,8,0.0,0.0,10.0,0.0,0.0,1.0,0.564,3.35,77.7,150.0,17.0,4.85,0.0,0.0,3,1,0,1,0,1,0,0,1,0,1,0,0,1,0,1,0
25.23,5.0,0,0.427,15.9,0.0,0.0,526,25.0,0.0,1.18,31,6,1,0.0,0.0,0.0,-6.72,1.0,84.0,28.0,461.0,0.0,0.0,0.0,8,0.0,0.0,6.0,0.0,0.0,1.0,0.508,3.25,77.7,150.0,15.0,4.85,0.0,0.0,3,1,0,1,0,1,0,0,1,0,1,0,0,1,0,1,0
26.24,5.0,0,0.475,16.2,0.0,0.0,526,25.0,0.0,1.19,31,6,1,0.0,0.0,0.0,-6.72,1.0,88.0,28.0,461.0,0.0,0.0,0.0,8,0.0,0.0,2.0,0.0,0.0,1.0,0.567,3.3,77.7,150.0,36.0,4.85,0.0,0.0,3,1,0,1,0,1,0,0,1,0,1,0,0,1,0,1,0
29.13,8.0,0,0.57,16.176,0.0,0.0,526,50.0,0.0,1.192,31,6,1,0.0,0.0,0.0,-6.72,1.0,55.0,80.0,461.0,0.0,0.0,6.0,8,0.0,0.0,0.0,0.0,0.0,0.0,0.68,0.0,77.7,200.0,23.21,4.85,0.0,0.0,3,1,0,1,0,1,0,0,1,0,1,0,0,1,0,1,0
27.32,8.0,0,0.58,15.942,0.0,0.0,526,50.0,0.0,1.189,31,6,1,0.0,0.0,0.0,-6.72,1.0,55.0,78.0,461.0,0.0,0.0,8.0,8,0.0,0.0,0.0,0.0,0.0,0.0,0.69,0.0,77.7,200.0,19.41,4.85,0.0,0.0,3,1,0,1,0,1,0,0,1,0,1,0,0,1,0,1,0
29.52,8.0,0,0.56,17.647,0.0,0.0,526,50.0,0.0,1.214,31,6,1,0.0,0.0,0.0,-6.72,1.0,55.0,76.0,461.0,0.0,0.0,10.0,8,0.0,0.0,0.0,0.0,0.0,0.0,0.68,0.0,77.7,200.0,17.21,4.85,0.0,0.0,3,1,0,1,0,1,0,0,1,0,1,0,0,1,0,1,0
28.11,8.0,0,0.59,13.235,0.0,0.0,526,50.0,0.0,1.152,31,6,1,0.0,0.0,0.0,-6.72,1.0,55.0,80.0,461.0,0.0,0.0,0.0,8,6.0,0.0,0.0,0.0,0.0,0.0,0.68,0.0,77.7,200.0,24.62,4.85,0.0,0.0,3,1,0,1,0,1,0,0,1,0,1,0,0,1,0,1,0
30.01,8.0,0,0.6,17.808,0.0,0.0,526,50.0,0.0,1.216,31,6,1,0.0,0.0,0.0,-6.72,1.0,55.0,78.0,461.0,0.0,0.0,0.0,8,8.0,0.0,0.0,0.0,0.0,0.0,0.73,0.0,77.7,200.0,24.31,4.85,0.0,0.0,3,1,0,1,0,1,0,0,1,0,1,0,0,1,0,1,0
29.26,8.0,0,0.6,15.492,0.0,0.0,526,50.0,0.0,1.183,31,6,1,0.0,0.0,0.0,-6.72,1.0,55.0,76.0,461.0,0.0,0.0,0.0,8,10.0,0.0,0.0,0.0,0.0,0.0,0.71,0.0,77.7,200.0,22.12,4.85,0.0,0.0,3,1,0,1,0,1,0,0,1,0,1,0,0,1,0,1,0
30.17,8.0,0,0.59,14.492,0.0,0.0,526,50.0,0.0,1.169,31,6,1,0.0,0.0,0.0,-6.72,1.0,55.0,80.0,461.0,0.0,0.0,0.0,8,0.0,0.0,6.0,0.0,0.0,0.0,0.69,0.0,77.7,200.0,29.32,4.85,0.0,0.0,3,1,0,1,0,1,0,0,1,0,1,0,0,1,0,1,0
26.63,8.0,0,0.56,16.417,0.0,0.0,526,50.0,0.0,1.196,31,6,1,0.0,0.0,0.0,-6.72,1.0,55.0,78.0,461.0,0.0,0.0,0.0,8,0.0,0.0,8.0,0.0,0.0,0.0,0.67,0.0,77.7,200.0,27.13,4.85,0.0,0.0,3,1,0,1,0,1,0,0,1,0,1,0,0,1,0,1,0
29.22,8.0,0,0.55,17.91,0.0,0.0,526,50.0,0.0,1.218,31,6,1,0.0,0.0,0.0,-6.72,1.0,55.0,76.0,461.0,0.0,0.0,0.0,8,0.0,0.0,10.0,0.0,0.0,0.0,0.67,0.0,77.7,200.0,24.27,4.85,0.0,0.0,3,1,0,1,0,1,0,0,1,0,1,0,0,1,0,1,0
0.0,1.0,0,0.0,0.0,0.0,4.0,514,60.0,0.0,0.0,24,4,0,0.0,0.0,62.0,-5.68,2.0,0.0,62.0,358.8,0.0,0.0,6.0,3,0.0,0.0,0.0,0.0,0.0,3.0,0.0,3.26,68.3,200.0,48.0,3.3,0.0,0.0,4,1,0,1,0,1,0,0,1,0,1,0,0,1,0,1,0
0.0,1.0,0,0.0,0.0,0.0,4.0,514,60.0,0.0,0.0,24,4,0,0.0,0.0,62.0,-5.68,2.0,0.0,62.0,358.8,0.0,0.0,0.0,3,6.0,0.0,0.0,0.0,0.0,3.0,0.0,3.28,68.3,200.0,42.0,3.3,0.0,0.0,4,1,0,1,0,1,0,0,1,0,1,0,0,1,0,1,0
0.0,1.0,0,0.0,0.0,0.0,4.0,514,60.0,0.0,0.0,24,4,0,0.0,0.0,62.0,-5.68,2.0,0.0,62.0,358.8,0.0,0.0,0.0,3,0.0,0.0,6.0,0.0,0.0,3.0,0.0,3.18,68.3,200.0,45.0,3.3,0.0,0.0,4,1,0,1,0,1,0,0,1,0,1,0,0,1,0,1,0
0.0,1.0,0,0.0,0.0,0.0,4.0,514,60.0,0.0,0.0,24,4,0,0.0,0.0,62.0,-5.68,2.0,5.4,62.0,358.8,0.0,0.0,0.3,3,0.0,0.0,0.0,0.0,0.0,3.0,0.0,3.24,68.3,200.0,56.0,3.3,0.3,0.0,4,1,0,1,0,1,0,0,1,0,1,0,0,1,0,1,0
0.0,1.0,0,0.0,0.0,0.0,4.0,514,60.0,0.0,0.0,24,4,0,0.0,0.0,59.0,-5.68,2.0,0.0,59.0,358.8,0.0,0.0,12.0,3,0.0,0.0,0.0,0.0,0.0,3.0,0.0,3.24,68.3,200.0,35.0,3.3,0.0,0.0,4,1,0,1,0,1,0,0,1,0,1,0,0,1,0,1,0
0.0,1.0,0,0.0,0.0,0.0,4.0,514,60.0,0.0,0.0,24,4,0,0.0,0.0,59.0,-5.68,2.0,0.0,59.0,358.8,0.0,0.0,0.0,3,12.0,0.0,0.0,0.0,0.0,3.0,0.0,3.27,68.3,200.0,32.0,3.3,0.0,0.0,4,1,0,1,0,1,0,0,1,0,1,0,0,1,0,1,0
0.0,1.0,0,0.0,0.0,0.0,4.0,514,60.0,0.0,0.0,24,4,0,0.0,0.0,59.0,-5.68,2.0,0.0,59.0,358.8,0.0,0.0,0.0,3,0.0,0.0,12.0,0.0,0.0,3.0,0.0,3.28,68.3,200.0,38.0,3.3,0.0,0.0,4,1,0,1,0,1,0,0,1,0,1,0,0,1,0,1,0
0.0,1.0,0,0.0,0.0,0.0,4.0,514,60.0,0.0,0.0,24,4,0,0.0,0.0,59.0,-5.68,2.0,10.8,59.0,358.8,0.0,0.0,0.6,3,0.0,0.0,0.0,0.0,0.0,3.0,0.0,3.17,68.3,200.0,49.0,3.3,0.6,0.0,4,1,0,1,0,1,0,0,1,0,1,0,0,1,0,1,0
0.0,1.0,0,0.0,0.0,0.0,4.0,514,60.0,0.0,0.0,24,4,0,0.0,0.0,56.0,-5.68,2.0,0.0,56.0,358.8,0.0,0.0,18.0,3,0.0,0.0,0.0,0.0,0.0,3.0,0.0,3.26,68.3,200.0,22.0,3.3,0.0,0.0,4,1,0,1,0,1,0,0,1,0,1,0,0,1,0,1,0
0.0,1.0,0,0.0,0.0,0.0,4.0,514,60.0,0.0,0.0,24,4,0,0.0,0.0,56.0,-5.68,2.0,0.0,56.0,358.8,0.0,0.0,0.0,3,18.0,0.0,0.0,0.0,0.0,3.0,0.0,3.32,68.3,200.0,20.0,3.3,0.0,0.0,4,1,0,1,0,1,0,0,1,0,1,0,0,1,0,1,0
0.0,1.0,0,0.0,0.0,0.0,4.0,514,60.0,0.0,0.0,24,4,0,0.0,0.0,56.0,-5.68,2.0,0.0,56.0,358.8,0.0,0.0,0.0,3,0.0,0.0,18.0,0.0,0.0,3.0,0.0,3.31,68.3,200.0,28.0,3.3,0.0,0.0,4,1,0,1,0,1,0,0,1,0,1,0,0,1,0,1,0
0.0,1.0,0,0.0,0.0,0.0,4.0,514,60.0,0.0,0.0,24,4,0,0.0,0.0,56.0,-5.68,2.0,16.2,56.0,358.8,0.0,0.0,0.9,3,0.0,0.0,0.0,0.0,0.0,3.0,0.0,3.16,68.3,200.0,42.0,3.3,0.9,0.0,4,1,0,1,0,1,0,0,1,0,1,0,0,1,0,1,0
0.0,1.0,0,0.0,0.0,0.0,4.0,514,60.0,0.0,0.0,24,4,0,0.0,0.0,53.0,-5.68,2.0,0.0,53.0,358.8,0.0,0.0,24.0,3,0.0,0.0,0.0,0.0,0.0,3.0,0.0,3.16,68.3,200.0,21.0,3.3,0.0,0.0,4,1,0,1,0,1,0,0,1,0,1,0,0,1,0,1,0
0.0,1.0,0,0.0,0.0,0.0,4.0,514,60.0,0.0,0.0,24,4,0,0.0,0.0,53.0,-5.68,2.0,0.0,53.0,358.8,0.0,0.0,0.0,3,24.0,0.0,0.0,0.0,0.0,3.0,0.0,3.18,68.3,200.0,18.0,3.3,0.0,0.0,4,1,0,1,0,1,0,0,1,0,1,0,0,1,0,1,0
0.0,1.0,0,0.0,0.0,0.0,4.0,514,60.0,0.0,0.0,24,4,0,0.0,0.0,53.0,-5.68,2.0,0.0,53.0,358.8,0.0,0.0,0.0,3,0.0,0.0,24.0,0.0,0.0,3.0,0.0,3.22,68.3,200.0,25.0,3.3,0.0,0.0,4,1,0,1,0,1,0,0,1,0,1,0,0,1,0,1,0
0.0,1.0,0,0.0,0.0,0.0,4.0,514,60.0,0.0,0.0,24,4,0,0.0,0.0,53.0,-5.68,2.0,21.6,53.0,358.8,0.0,0.0,1.2,3,0.0,0.0,0.0,0.0,0.0,3.0,0.0,3.19,68.3,200.0,36.0,3.3,1.2,0.0,4,1,0,1,0,1,0,0,1,0,1,0,0,1,0,1,0
0.0,1.0,0,0.0,0.0,2.0,4.0,514,60.0,0.0,0.0,24,4,0,0.0,0.0,51.0,-5.68,2.0,0.0,51.0,358.8,0.0,0.0,0.0,3,18.0,0.0,0.0,0.0,0.0,3.0,0.0,3.26,68.3,200.0,23.0,3.3,0.0,0.0,4,1,0,0,1,1,0,0,1,0,1,0,0,1,0,1,0
0.0,1.0,0,0.0,0.0,2.0,4.0,514,60.0,0.0,0.0,24,4,0,0.0,0.0,51.0,-5.68,2.0,0.0,51.0,358.8,0.0,0.0,0.0,3,18.0,0.0,0.0,0.0,0.0,3.0,0.0,3.32,68.3,200.0,25.0,3.3,0.0,0.0,4,1,0,0,1,1,0,0,1,0,1,0,0,1,0,1,0
0.0,1.0,0,0.0,0.0,2.0,4.0,514,60.0,0.0,0.0,24,4,0,0.0,0.0,51.0,-5.68,2.0,0.0,51.0,358.8,0.0,0.0,0.0,3,18.0,0.0,0.0,0.0,0.0,3.0,0.0,3.31,68.3,200.0,24.0,3.3,0.0,0.0,4,1,0,0,1,1,0,0,1,0,1,0,0,1,0,1,0
0.0,1.0,0,0.0,0.0,2.0,4.0,514,60.0,0.0,0.0,24,4,0,0.0,0.0,51.0,-5.68,2.0,0.0,51.0,358.8,0.0,0.0,0.0,3,18.0,0.0,0.0,0.0,0.0,3.0,0.0,3.16,68.3,200.0,26.0,3.3,0.0,0.0,4,1,0,0,1,1,0,0,1,0,1,0,0,1,0,1,0
0.0,0.0,0,0.46,16.36,0.0,0.0,514,60.0,0.0,1.01,24,4,0,0.0,0.0,107.5,-5.68,2.5,50.0,0.0,358.8,0.0,0.0,17.5,3,0.0,0.0,10.0,0.0,0.0,2.5,0.55,4.52,68.3,250.0,93.0,3.3,0.0,0.0,4,1,0,1,0,1,0,0,1,0,1,0,0,1,0,1,0
0.0,0.0,0,0.45,16.66,0.0,0.0,514,60.0,0.0,1.2,24,4,0,0.0,0.0,107.5,-5.68,2.5,50.0,0.0,358.8,0.0,0.0,17.5,3,10.0,0.0,0.0,0.0,0.0,2.5,0.54,4.71,68.3,250.0,75.0,3.3,0.0,0.0,4,1,0,1,0,1,0,0,1,0,1,0,0,1,0,1,0
0.0,0.0,0,0.46,16.52,0.0,0.0,514,60.0,0.0,1.19,24,4,0,0.0,0.0,107.5,-5.68,2.5,50.0,0.0,358.8,0.0,0.0,27.5,3,0.0,0.0,0.0,0.0,0.0,2.5,0.55,4.55,68.3,250.0,78.0,3.3,0.0,0.0,4,1,0,1,0,1,0,0,1,0,1,0,0,1,0,1,0
0.0,0.0,0,0.32,14.73,0.0,0.0,514,60.0,0.0,1.18,24,4,0,10.0,0.0,107.5,-5.68,2.5,50.0,0.0,358.8,0.0,0.0,17.5,3,0.0,0.0,0.0,0.0,0.0,2.5,0.38,4.56,68.3,250.0,65.0,3.3,0.0,0.0,4,1,0,1,0,1,0,0,1,0,1,0,0,1,0,1,0
0.0,0.0,0,0.45,18.75,0.0,0.0,514,60.0,0.0,1.15,24,4,0,10.0,0.0,107.5,-5.68,2.5,50.0,0.0,358.8,0.0,0.0,17.5,3,0.0,0.0,0.0,0.0,0.0,2.5,0.52,4.87,68.3,250.0,130.0,3.3,0.0,0.0,4,1,0,1,0,1,0,0,1,0,1,0,0,1,0,1,0
0.0,0.0,0,0.48,15.32,0.0,0.0,514,60.0,0.0,1.18,24,4,0,0.0,0.0,97.5,-5.68,2.5,50.0,0.0,358.8,0.0,0.0,17.5,3,0.0,0.0,20.0,0.0,0.0,2.5,0.57,5.01,68.3,250.0,79.0,3.3,0.0,0.0,4,1,0,1,0,1,0,0,1,0,1,0,0,1,0,1,0
0.0,0.0,0,0.47,17.42,0.0,0.0,514,60.0,0.0,1.21,24,4,0,0.0,0.0,97.5,-5.68,2.5,50.0,0.0,358.8,0.0,0.0,17.5,3,20.0,0.0,0.0,0.0,0.0,2.5,0.57,4.83,68.3,250.0,65.0,3.3,0.0,0.0,4,1,0,1,0,1,0,0,1,0,1,0,0,1,0,1,0
0.0,0.0,0,0.47,16.07,0.0,0.0,514,60.0,0.0,1.19,24,4,0,0.0,0.0,97.5,-5.68,2.5,50.0,0.0,358.8,0.0,0.0,37.5,3,0.0,0.0,0.0,0.0,0.0,2.5,0.56,4.97,68.3,250.0,61.0,3.3,0.0,0.0,4,1,0,1,0,1,0,0,1,0,1,0,0,1,0,1,0
0.0,0.0,0,0.45,16.14,0.0,0.0,514,60.0,0.0,1.21,24,4,0,20.0,0.0,97.5,-5.68,2.5,50.0,0.0,358.8,0.0,0.0,17.5,3,0.0,0.0,0.0,0.0,0.0,2.5,0.54,4.87,68.3,250.0,52.0,3.3,0.0,0.0,4,1,0,1,0,1,0,0,1,0,1,0,0,1,0,1,0
0.0,0.0,0,0.45,19.08,0.0,0.0,514,60.0,0.0,1.24,24,4,0,20.0,0.0,97.5,-5.68,2.5,50.0,0.0,358.8,0.0,0.0,17.5,3,0.0,0.0,0.0,0.0,0.0,2.5,0.56,4.53,68.3,250.0,110.0,3.3,0.0,0.0,4,1,0,1,0,1,0,0,1,0,1,0,0,1,0,1,0
0.0,5.0,60,0.0,0.0,0.0,2.0,514,60.0,0.0,0.0,24,4,0,0.0,0.0,0.0,-5.68,2.0,20.0,31.0,358.8,0.0,0.0,0.0,3,18.0,0.0,0.0,0.0,0.0,2.0,0.0,0.42,68.3,200.0,11.0,3.3,0.0,0.0,4,1,0,1,0,1,0,0,1,0,1,0,0,1,0,1,0
0.0,5.0,120,0.0,0.0,0.0,2.5,514,60.0,0.0,0.0,24,4,0,0.0,0.0,0.0,-5.68,2.5,20.0,10.5,358.8,0.0,0.0,0.0,3,27.0,0.0,0.0,0.0,0.0,2.5,0.0,0.51,68.3,250.0,13.2,3.3,0.0,0.0,4,1,0,1,0,1,0,0,1,0,1,0,0,1,0,1,0
0.0,5.0,180,0.0,0.0,0.0,3.5,514,60.0,0.0,0.0,24,4,0,0.0,0.0,0.0,-5.68,3.5,20.0,13.0,358.8,0.0,0.0,0.0,3,31.5,0.0,0.0,0.0,0.0,3.5,0.0,0.52,68.3,320.0,12.4,3.3,0.0,0.0,4,1,0,1,0,1,0,0,1,0,1,0,0,1,0,1,0
26.55,0.0,0,0.5,5.66,0.0,0.0,514,60.0,0.0,1.06,24,4,0,0.0,0.0,150.0,-5.68,3.0,0.0,75.0,358.8,0.0,0.0,0.0,3,0.0,6.0,0.0,0.0,0.0,6.0,0.53,4.98,68.3,300.0,24.94,3.3,0.0,0.0,4,1,0,1,0,1,0,0,1,0,1,0,0,1,0,1,0
25.0,0.0,0,0.51,5.55,0.0,0.0,514,60.0,0.0,1.05,24,4,0,0.0,0.0,147.0,-5.68,3.0,0.0,75.0,358.8,3.0,0.0,0.0,3,0.0,6.0,0.0,0.0,0.0,6.0,0.54,4.98,68.3,300.0,23.79,3.3,0.0,0.0,4,1,0,1,0,1,0,0,1,0,1,0,0,1,0,1,0
26.45,0.0,0,0.52,5.45,0.0,0.0,514,60.0,0.0,1.05,24,4,0,0.0,0.0,144.0,-5.68,3.0,0.0,75.0,358.8,6.0,0.0,0.0,3,0.0,6.0,0.0,0.0,0.0,6.0,0.55,4.98,68.3,300.0,21.57,3.3,0.0,0.0,4,1,0,1,0,1,0,0,1,0,1,0,0,1,0,1,0
25.51,0.0,0,0.51,5.55,0.0,0.0,514,60.0,0.0,1.05,24,4,0,0.0,0.0,141.0,-5.68,3.0,0.0,75.0,358.8,9.0,0.0,0.0,3,0.0,6.0,0.0,0.0,0.0,6.0,0.54,4.93,68.3,300.0,18.51,3.3,0.0,0.0,4,1,0,1,0,1,0,0,1,0,1,0,0,1,0,1,0
25.2,0.0,0,0.5,5.66,0.0,0.0,514,60.0,0.0,1.06,24,4,0,0.0,0.0,138.0,-5.68,3.0,0.0,75.0,358.8,12.0,0.0,0.0,3,0.0,6.0,0.0,0.0,0.0,6.0,0.53,4.95,68.3,300.0,17.94,3.3,0.0,0.0,4,1,0,1,0,1,0,0,1,0,1,0,0,1,0,1,0
25.4,0.0,0,0.52,5.45,0.0,0.0,514,60.0,0.0,1.05,24,4,0,0.0,0.0,135.0,-5.68,3.0,0.0,75.0,358.8,15.0,0.0,0.0,3,0.0,6.0,0.0,0.0,0.0,6.0,0.55,4.83,68.3,300.0,16.54,3.3,0.0,0.0,4,1,0,1,0,1,0,0,1,0,1,0,0,1,0,1,0
26.53,0.0,0,0.5,5.66,0.0,0.0,514,60.0,0.0,1.06,24,4,0,0.0,0.0,147.0,-5.68,3.0,0.0,75.0,358.8,0.0,0.0,0.0,3,0.0,6.0,0.0,0.0,3.0,6.0,0.53,4.96,68.3,300.0,22.56,3.3,0.0,0.0,4,1,0,1,0,1,0,0,1,0,1,0,0,1,0,1,0
25.81,0.0,0,0.51,5.55,0.0,0.0,514,60.0,0.0,1.08,24,4,0,0.0,0.0,144.0,-5.68,3.0,0.0,75.0,358.8,0.0,0.0,0.0,3,0.0,6.0,0.0,0.0,6.0,6.0,0.54,4.87,68.3,300.0,20.23,3.3,0.0,0.0,4,1,0,1,0,1,0,0,1,0,1,0,0,1,0,1,0
25.2,0.0,0,0.52,5.45,0.0,0.0,514,60.0,0.0,1.05,24,4,0,0.0,0.0,141.0,-5.68,3.0,0.0,75.0,358.8,0.0,0.0,0.0,3,0.0,6.0,0.0,0.0,9.0,6.0,0.55,4.98,68.3,300.0,17.72,3.3,0.0,0.0,4,1,0,1,0,1,0,0,1,0,1,0,0,1,0,1,0
26.2,0.0,0,0.5,5.66,0.0,0.0,514,60.0,0.0,1.06,24,4,0,0.0,0.0,138.0,-5.68,3.0,0.0,75.0,358.8,0.0,0.0,0.0,3,0.0,6.0,0.0,0.0,12.0,6.0,0.53,4.89,68.3,300.0,15.6,3.3,0.0,0.0,4,1,0,1,0,1,0,0,1,0,1,0,0,1,0,1,0
26.26,0.0,0,0.5,5.66,0.0,0.0,514,60.0,0.0,1.06,24,4,0,0.0,0.0,135.0,-5.68,3.0,0.0,75.0,358.8,0.0,0.0,0.0,3,0.0,6.0,0.0,0.0,15.0,6.0,0.53,4.98,68.3,300.0,14.05,3.3,0.0,0.0,4,1,0,1,0,1,0,0,1,0,1,0,0,1,0,1,0
0.0,0.0,0,0.0,0.0,0.0,0.0,443,5.0,0.0,0.0,29,5,3,0.0,0.0,0.0,-3.79,3.0,178.0,0.0,461.8,0.0,0.0,4.0,8,0.0,5.0,2.0,0.0,0.0,3.0,0.0,0.0,53.0,200.0,0.0,2.86,0.0,0.0,5,1,0,1,0,1,0,0,1,0,1,0,0,1,0,1,0
0.0,0.0,0,0.0,0.0,0.0,0.0,443,5.0,0.0,0.0,29,5,3,0.0,0.0,0.0,-3.79,3.0,176.0,0.0,461.8,0.0,0.0,4.0,8,0.0,5.0,4.0,0.0,0.0,3.0,0.0,0.0,53.0,200.0,0.0,2.86,0.0,0.0,5,1,0,1,0,1,0,0,1,0,1,0,0,1,0,1,0
0.0,0.0,0,0.0,0.0,0.0,0.0,443,5.0,0.0,0.0,29,5,3,0.0,0.0,0.0,-3.79,3.0,172.0,0.0,461.8,0.0,0.0,4.0,8,0.0,5.0,8.0,0.0,0.0,3.0,0.0,0.0,53.0,200.0,0.0,2.86,0.0,0.0,5,1,0,1,0,1,0,0,1,0,1,0,0,1,0,1,0
0.0,0.0,0,0.0,0.0,0.0,0.0,443,5.0,0.0,0.0,29,5,3,0.0,0.0,0.0,-3.79,3.0,168.0,0.0,461.8,0.0,0.0,4.0,8,0.0,5.0,12.0,0.0,0.0,3.0,0.0,0.0,53.0,200.0,0.0,2.86,0.0,0.0,5,1,0,1,0,1,0,0,1,0,1,0,0,1,0,1,0
0.0,0.0,0,0.0,0.0,0.0,0.0,443,5.0,0.0,0.0,29,5,3,0.0,0.0,0.0,-3.79,3.0,164.0,0.0,461.8,0.0,0.0,4.0,8,0.0,5.0,16.0,0.0,0.0,3.0,0.0,0.0,53.0,200.0,0.0,2.86,0.0,0.0,5,1,0,1,0,1,0,0,1,0,1,0,0,1,0,1,0
0.0,0.0,0,0.0,0.0,0.0,0.0,443,5.0,0.0,0.0,29,5,3,0.0,0.0,0.0,-3.79,3.0,160.0,0.0,461.8,0.0,0.0,4.0,8,0.0,5.0,20.0,0.0,0.0,3.0,0.0,0.0,53.0,200.0,0.0,2.86,0.0,0.0,5,1,0,1,0,1,0,0,1,0,1,0,0,1,0,1,0
0.0,0.0,0,0.0,0.0,0.0,0.0,443,5.0,0.0,0.0,29,5,3,0.0,0.0,0.0,-3.79,0.0,176.0,0.0,461.8,0.0,0.0,2.0,8,0.0,5.0,8.0,2.0,0.0,2.0,0.0,0.0,53.0,200.0,0.0,2.86,0.0,0.0,5,1,0,1,0,1,0,0,1,0,1,0,0,1,0,1,0
0.0,0.0,0,0.0,0.0,0.0,0.0,443,5.0,0.0,0.0,29,5,3,0.0,0.0,0.0,-3.79,0.0,174.0,0.0,461.8,0.0,0.0,4.0,8,0.0,5.0,8.0,2.0,0.0,2.0,0.0,0.0,53.0,200.0,0.0,2.86,0.0,0.0,5,1,0,1,0,1,0,0,1,0,1,0,0,1,0,1,0
0.0,0.0,0,0.0,0.0,0.0,0.0,443,5.0,0.0,0.0,29,5,3,0.0,0.0,0.0,-3.79,0.0,172.0,0.0,461.8,0.0,0.0,6.0,8,0.0,5.0,8.0,2.0,0.0,2.0,0.0,0.0,53.0,200.0,0.0,2.86,0.0,0.0,5,1,0,1,0,1,0,0,1,0,1,0,0,1,0,1,0
0.0,0.0,0,0.0,0.0,0.0,0.0,443,5.0,0.0,0.0,29,5,3,0.0,0.0,0.0,-3.79,0.0,170.0,0.0,461.8,0.0,0.0,8.0,8,0.0,5.0,8.0,2.0,0.0,2.0,0.0,0.0,53.0,200.0,0.0,2.86,0.0,0.0,5,1,0,1,0,1,0,0,1,0,1,0,0,1,0,1,0
0.0,0.0,0,0.0,0.0,0.0,0.0,443,5.0,0.0,0.0,29,5,3,0.0,0.0,0.0,-3.79,0.0,168.0,0.0,461.8,0.0,0.0,10.0,8,0.0,5.0,8.0,2.0,0.0,2.0,0.0,0.0,53.0,200.0,0.0,2.86,0.0,0.0,5,1,0,1,0,1,0,0,1,0,1,0,0,1,0,1,0
0.0,0.0,0,0.0,0.0,0.0,0.0,443,5.0,0.0,0.0,29,5,3,0.0,0.0,0.0,-3.79,0.0,166.0,0.0,461.8,0.0,0.0,12.0,8,0.0,5.0,8.0,2.0,0.0,2.0,0.0,0.0,53.0,200.0,0.0,2.86,0.0,0.0,5,1,0,1,0,1,0,0,1,0,1,0,0,1,0,1,0
0.0,0.0,0,0.0,0.0,0.0,0.0,443,5.0,0.0,0.0,29,5,3,0.0,0.0,0.0,-3.79,0.0,164.0,0.0,461.8,0.0,0.0,14.0,8,0.0,5.0,8.0,2.0,0.0,2.0,0.0,0.0,53.0,200.0,0.0,2.86,0.0,0.0,5,1,0,1,0,1,0,0,1,0,1,0,0,1,0,1,0
0.0,0.0,0,0.0,0.0,0.0,0.0,443,5.0,0.0,0.0,29,5,3,0.0,0.0,0.0,-3.79,0.0,176.0,2.0,461.8,0.0,0.0,0.0,8,0.0,5.0,8.0,2.0,0.0,2.0,0.0,0.0,53.0,200.0,0.0,2.86,0.0,0.0,5,1,0,1,0,1,0,0,1,0,1,0,0,1,0,1,0
0.0,0.0,0,0.0,0.0,0.0,0.0,443,5.0,0.0,0.0,29,5,3,0.0,0.0,0.0,-3.79,0.0,174.0,4.0,461.8,0.0,0.0,0.0,8,0.0,5.0,8.0,2.0,0.0,2.0,0.0,0.0,53.0,200.0,0.0,2.86,0.0,0.0,5,1,0,1,0,1,0,0,1,0,1,0,0,1,0,1,0
0.0,0.0,0,0.0,0.0,0.0,0.0,443,5.0,0.0,0.0,29,5,3,0.0,0.0,0.0,-3.79,0.0,172.0,6.0,461.8,0.0,0.0,0.0,8,0.0,5.0,8.0,2.0,0.0,2.0,0.0,0.0,53.0,200.0,0.0,2.86,0.0,0.0,5,1,0,1,0,1,0,0,1,0,1,0,0,1,0,1,0
0.0,0.0,0,0.0,0.0,0.0,0.0,443,5.0,0.0,0.0,29,5,3,0.0,0.0,0.0,-3.79,0.0,170.0,8.0,461.8,0.0,0.0,0.0,8,0.0,5.0,8.0,2.0,0.0,2.0,0.0,0.0,53.0,200.0,0.0,2.86,0.0,0.0,5,1,0,1,0,1,0,0,1,0,1,0,0,1,0,1,0
0.0,0.0,0,0.0,0.0,0.0,0.0,443,5.0,0.0,0.0,29,5,3,0.0,0.0,0.0,-3.79,0.0,168.0,10.0,461.8,0.0,0.0,0.0,8,0.0,5.0,8.0,2.0,0.0,2.0,0.0,0.0,53.0,200.0,0.0,2.86,0.0,0.0,5,1,0,1,0,1,0,0,1,0,1,0,0,1,0,1,0
0.0,0.0,0,0.0,0.0,0.0,0.0,443,5.0,0.0,0.0,29,5,3,0.0,0.0,0.0,-3.79,0.0,166.0,12.0,461.8,0.0,0.0,0.0,8,0.0,5.0,8.0,2.0,0.0,2.0,0.0,0.0,53.0,200.0,0.0,2.86,0.0,0.0,5,1,0,1,0,1,0,0,1,0,1,0,0,1,0,1,0
0.0,0.0,0,0.0,0.0,0.0,0.0,443,5.0,0.0,0.0,29,5,3,0.0,0.0,0.0,-3.79,0.0,164.0,14.0,461.8,0.0,0.0,0.0,8,0.0,5.0,8.0,2.0,0.0,2.0,0.0,0.0,53.0,200.0,0.0,2.86,0.0,0.0,5,1,0,1,0,1,0,0,1,0,1,0,0,1,0,1,0
0.0,0.0,0,0.0,0.0,0.0,0.0,443,5.0,0.0,0.0,29,5,3,0.0,0.0,0.0,-3.79,0.0,163.0,2.0,461.8,0.0,0.0,0.0,8,0.0,8.0,8.0,4.0,0.0,2.0,0.0,3.65,53.0,200.0,23.0,2.86,0.0,0.0,5,1,0,1,0,1,0,0,1,0,1,0,0,1,0,1,0
29.32,0.0,0,0.57,16.18,0.0,0.0,443,10.0,0.0,1.192,29,5,3,0.0,0.0,0.0,-3.79,3.0,50.0,204.0,461.8,0.0,0.0,10.0,8,10.0,0.0,0.0,0.0,0.0,3.0,0.68,3.0,53.0,300.0,100.0,2.86,0.0,0.0,5,0,1,1,0,1,0,0,1,0,1,0,0,1,0,0,1
28.98,0.0,0,0.55,22.5,0.0,0.0,443,10.0,0.0,1.291,29,5,3,0.0,0.0,0.0,-3.79,3.0,50.0,184.0,461.8,0.0,0.0,20.0,8,20.0,0.0,0.0,0.0,0.0,3.0,0.71,3.0,53.0,300.0,92.0,2.86,0.0,0.0,5,0,1,1,0,1,0,0,1,0,1,0,0,1,0,0,1
28.73,0.0,0,0.59,14.56,0.0,0.0,443,10.0,0.0,1.169,29,5,3,0.0,0.0,0.0,-3.79,3.0,50.0,164.0,461.8,0.0,0.0,30.0,8,30.0,0.0,0.0,0.0,0.0,3.0,0.69,2.9,53.0,300.0,95.0,2.86,0.0,0.0,5,0,1,1,0,1,0,0,1,0,1,0,0,1,0,0,1
27.2,0.0,0,0.57,12.35,0.0,0.0,443,10.0,0.0,1.141,29,5,3,0.0,0.0,0.0,-3.79,3.0,50.0,144.0,461.8,0.0,0.0,40.0,8,40.0,0.0,0.0,0.0,0.0,3.0,0.65,3.0,53.0,300.0,99.0,2.86,0.0,0.0,5,0,1,1,0,1,0,0,1,0,1,0,0,1,0,0,1
26.3,0.0,0,0.58,12.12,0.0,0.0,443,10.0,0.0,1.143,29,5,3,0.0,0.0,0.0,-3.79,3.0,50.0,124.0,461.8,0.0,0.0,50.0,8,50.0,0.0,0.0,0.0,0.0,3.0,0.66,3.0,53.0,300.0,98.0,2.86,0.0,0.0,5,0,1,1,0,1,0,0,1,0,1,0,0,1,0,0,1
0.0,4.0,0,0.0,0.0,0.0,2.0,443,10.0,0.0,0.0,29,5,3,0.0,0.0,0.0,-3.79,2.0,174.0,0.0,461.8,0.0,0.0,0.0,8,0.0,0.0,0.0,0.0,0.0,2.0,0.0,3.2,53.0,200.0,176.0,2.86,0.0,0.0,5,1,0,1,0,1,0,0,1,0,1,0,0,1,0,1,0
0.0,4.0,0,0.0,0.0,0.0,2.0,443,10.0,0.0,0.0,29,5,3,0.0,0.0,0.0,-3.79,2.0,169.0,0.0,461.8,0.0,0.0,0.0,8,0.0,0.0,5.0,0.0,0.0,2.0,0.0,3.1,53.0,200.0,33.0,2.86,0.0,0.0,5,1,0,1,0,1,0,0,1,0,1,0,0,1,0,1,0
0.0,4.0,0,0.0,0.0,0.0,2.0,443,10.0,0.0,0.0,29,5,3,0.0,0.0,0.0,-3.79,2.0,164.0,0.0,461.8,0.0,0.0,0.0,8,0.0,0.0,10.0,0.0,0.0,2.0,0.0,3.2,53.0,200.0,21.0,2.86,0.0,0.0,5,1,0,1,0,1,0,0,1,0,1,0,0,1,0,1,0
0.0,4.0,0,0.0,0.0,0.0,2.0,443,10.0,0.0,0.0,29,5,3,0.0,0.0,0.0,-3.79,2.0,159.0,0.0,461.8,0.0,0.0,0.0,8,0.0,0.0,15.0,0.0,0.0,2.0,0.0,3.4,53.0,200.0,25.0,2.86,0.0,0.0,5,1,0,1,0,1,0,0,1,0,1,0,0,1,0,1,0
0.0,4.0,0,0.0,0.0,0.0,2.0,443,10.0,0.0,0.0,29,5,3,0.0,0.0,0.0,-3.79,2.0,154.0,0.0,461.8,0.0,0.0,0.0,8,0.0,0.0,20.0,0.0,0.0,2.0,0.0,3.33,53.0,200.0,28.0,2.86,0.0,0.0,5,1,0,1,0,1,0,0,1,0,1,0,0,1,0,1,0
0.0,4.0,0,0.0,0.0,0.0,2.0,443,10.0,0.0,0.0,29,5,3,0.0,0.0,0.0,-3.79,2.0,169.0,0.0,461.8,0.0,0.0,0.0,8,5.0,0.0,0.0,0.0,0.0,2.0,0.0,3.1,53.0,200.0,27.0,2.86,0.0,0.0,5,1,0,1,0,1,0,0,1,0,1,0,0,1,0,1,0
0.0,4.0,0,0.0,0.0,0.0,2.0,443,10.0,0.0,0.0,29,5,3,0.0,0.0,0.0,-3.79,2.0,164.0,0.0,461.8,0.0,0.0,0.0,8,10.0,0.0,0.0,0.0,0.0,2.0,0.0,3.2,53.0,200.0,18.0,2.86,0.0,0.0,5,1,0,1,0,1,0,0,1,0,1,0,0,1,0,1,0
0.0,4.0,0,0.0,0.0,0.0,2.0,443,10.0,0.0,0.0,29,5,3,0.0,0.0,0.0,-3.79,2.0,159.0,0.0,461.8,0.0,0.0,0.0,8,15.0,0.0,0.0,0.0,0.0,2.0,0.0,3.4,53.0,200.0,24.0,2.86,0.0,0.0,5,1,0,1,0,1,0,0,1,0,1,0,0,1,0,1,0
0.0,4.0,0,0.0,0.0,0.0,2.0,443,10.0,0.0,0.0,29,5,3,0.0,0.0,0.0,-3.79,2.0,154.0,0.0,461.8,0.0,0.0,0.0,8,20.0,0.0,0.0,0.0,0.0,2.0,0.0,3.33,53.0,200.0,22.0,2.86,0.0,0.0,5,1,0,1,0,1,0,0,1,0,1,0,0,1,0,1,0
0.0,4.0,0,0.0,0.0,0.0,2.0,443,10.0,0.0,0.0,29,5,3,0.0,0.0,0.0,-3.79,2.0,169.0,0.0,461.8,0.0,0.0,5.0,8,0.0,0.0,0.0,0.0,0.0,2.0,0.0,3.1,53.0,200.0,31.0,2.86,0.0,0.0,5,1,0,1,0,1,0,0,1,0,1,0,0,1,0,1,0
0.0,4.0,0,0.0,0.0,0.0,2.0,443,10.0,0.0,0.0,29,5,3,0.0,0.0,0.0,-3.79,2.0,164.0,0.0,461.8,0.0,0.0,10.0,8,0.0,0.0,0.0,0.0,0.0,2.0,0.0,3.2,53.0,200.0,22.0,2.86,0.0,0.0,5,1,0,1,0,1,0,0,1,0,1,0,0,1,0,1,0
0.0,4.0,0,0.0,0.0,0.0,2.0,443,10.0,0.0,0.0,29,5,3,0.0,0.0,0.0,-3.79,2.0,159.0,0.0,461.8,0.0,0.0,15.0,8,0.0,0.0,0.0,0.0,0.0,2.0,0.0,3.4,53.0,200.0,27.0,2.86,0.0,0.0,5,1,0,1,0,1,0,0,1,0,1,0,0,1,0,1,0
0.0,4.0,0,0.0,0.0,0.0,2.0,443,10.0,0.0,0.0,29,5,3,0.0,0.0,0.0,-3.79,2.0,154.0,0.0,461.8,0.0,0.0,20.0,8,0.0,0.0,0.0,0.0,0.0,2.0,0.0,3.33,53.0,200.0,28.0,2.86,0.0,0.0,5,1,0,1,0,1,0,0,1,0,1,0,0,1,0,1,0
0.0,3.0,0,0.0,0.0,0.0,1.0,412,10.0,0.0,0.0,29,5,2,0.0,0.0,0.0,-2.69,0.5,10.0,69.5,391.5,0.0,0.0,2.0,6,0.0,0.0,2.0,0.0,0.0,0.0,0.0,3.23,87.0,100.0,30.0,1.44,0.0,0.0,6,1,0,1,0,1,0,0,1,0,1,0,0,1,0,1,0
0.0,3.0,0,0.0,0.0,0.0,1.0,412,10.0,0.0,0.0,29,5,2,0.0,0.0,0.0,-2.69,0.5,10.0,63.5,391.5,0.0,0.0,2.0,6,0.0,0.0,8.0,0.0,0.0,0.0,0.0,3.14,87.0,100.0,20.0,1.44,0.0,0.0,6,1,0,1,0,1,0,0,1,0,1,0,0,1,0,1,0
0.0,3.0,0,0.0,0.0,0.0,1.0,412,10.0,0.0,0.0,29,5,2,0.0,0.0,0.0,-2.69,0.5,10.0,67.5,391.5,0.0,0.0,4.0,6,0.0,0.0,2.0,0.0,0.0,0.0,0.0,3.2,87.0,100.0,18.0,1.44,0.0,0.0,6,1,0,1,0,1,0,0,1,0,1,0,0,1,0,1,0
0.0,3.0,0,0.0,0.0,0.0,1.0,412,10.0,0.0,0.0,29,5,2,0.0,0.0,0.0,-2.69,0.5,10.0,61.5,391.5,0.0,0.0,4.0,6,0.0,0.0,8.0,0.0,0.0,0.0,0.0,3.19,87.0,100.0,18.0,1.44,0.0,0.0,6,1,0,1,0,1,0,0,1,0,1,0,0,1,0,1,0
0.0,3.0,0,0.0,0.0,0.0,1.0,412,10.0,0.0,0.0,29,5,2,0.0,0.0,0.0,-2.69,0.5,10.0,70.5,391.5,0.0,0.0,2.0,6,1.0,0.0,0.0,0.0,0.0,0.0,0.0,3.15,87.0,100.0,25.0,1.44,0.0,0.0,6,1,0,1,0,1,0,0,1,0,1,0,0,1,0,1,0
0.0,3.0,0,0.0,0.0,0.0,1.0,412,10.0,0.0,0.0,29,5,2,0.0,0.0,0.0,-2.69,0.5,10.0,68.5,391.5,0.0,0.0,2.0,6,3.0,0.0,0.0,0.0,0.0,0.0,0.0,3.2,87.0,100.0,15.0,1.44,0.0,0.0,6,1,0,1,0,1,0,0,1,0,1,0,0,1,0,1,0
0.0,3.0,0,0.0,0.0,0.0,1.0,412,10.0,0.0,0.0,29,5,2,0.0,0.0,0.0,-2.69,0.5,10.0,68.5,391.5,0.0,0.0,4.0,6,1.0,0.0,0.0,0.0,0.0,0.0,0.0,3.23,87.0,100.0,25.0,1.44,0.0,0.0,6,1,0,1,0,1,0,0,1,0,1,0,0,1,0,1,0
0.0,3.0,0,0.0,0.0,0.0,1.0,412,10.0,0.0,0.0,29,5,2,0.0,0.0,0.0,-2.69,0.5,10.0,66.5,391.5,0.0,0.0,4.0,6,3.0,0.0,0.0,0.0,0.0,0.0,0.0,3.15,87.0,100.0,10.0,1.44,0.0,0.0,6,1,0,1,0,1,0,0,1,0,1,0,0,1,0,1,0
0.0,3.0,0,0.0,0.0,0.0,1.0,412,10.0,0.0,0.0,29,5,2,0.0,0.0,0.0,-2.69,0.5,10.0,70.5,391.5,0.0,0.0,0.0,6,1.0,0.0,2.0,0.0,0.0,0.0,0.0,3.21,87.0,100.0,20.0,1.44,0.0,0.0,6,1,0,1,0,1,0,0,1,0,1,0,0,1,0,1,0
0.0,3.0,0,0.0,0.0,0.0,1.0,412,10.0,0.0,0.0,29,5,2,0.0,0.0,0.0,-2.69,0.5,10.0,68.5,391.5,0.0,0.0,0.0,6,3.0,0.0,2.0,0.0,0.0,0.0,0.0,3.23,87.0,100.0,23.0,1.44,0.0,0.0,6,1,0,1,0,1,0,0,1,0,1,0,0,1,0,1,0
0.0,3.0,0,0.0,0.0,0.0,1.0,412,10.0,0.0,0.0,29,5,2,0.0,0.0,0.0,-2.69,0.5,10.0,64.5,391.5,0.0,0.0,0.0,6,1.0,0.0,8.0,0.0,0.0,0.0,0.0,3.22,87.0,100.0,17.0,1.44,0.0,0.0,6,1,0,1,0,1,0,0,1,0,1,0,0,1,0,1,0
0.0,3.0,0,0.0,0.0,0.0,1.0,412,10.0,0.0,0.0,29,5,2,0.0,0.0,0.0,-2.69,0.5,10.0,62.5,391.5,0.0,0.0,0.0,6,3.0,0.0,8.0,0.0,0.0,0.0,0.0,3.1,87.0,100.0,15.0,1.44,0.0,0.0,6,1,0,1,0,1,0,0,1,0,1,0,0,1,0,1,0
31.4,1.5,0,0.37,10.15,0.0,1.5,412,10.0,0.0,1.11,29,5,2,0.0,0.0,0.0,-2.69,1.5,0.0,126.5,391.5,6.0,0.0,3.0,6,0.0,0.0,0.0,0.0,0.0,0.0,0.41,3.2,87.0,150.0,62.0,1.44,0.0,0.0,6,1,0,1,0,1,0,0,1,0,1,0,0,1,0,1,0
31.0,1.5,0,0.32,9.1,0.0,1.5,412,10.0,0.0,1.1,29,5,2,0.0,0.0,0.0,-2.69,1.5,0.0,123.5,391.5,6.0,0.0,6.0,6,0.0,0.0,0.0,0.0,0.0,0.0,0.35,2.9,87.0,150.0,59.0,1.44,0.0,0.0,6,1,0,1,0,1,0,0,1,0,1,0,0,1,0,1,0
30.6,1.5,0,0.34,7.94,0.0,1.5,412,10.0,0.0,1.08,29,5,2,0.0,0.0,0.0,-2.69,1.5,0.0,120.5,391.5,6.0,0.0,9.0,6,0.0,0.0,0.0,0.0,0.0,0.0,0.37,3.0,87.0,150.0,51.0,1.44,0.0,0.0,6,1,0,1,0,1,0,0,1,0,1,0,0,1,0,1,0
30.1,1.5,0,0.36,6.63,0.0,1.5,412,10.0,0.0,1.07,29,5,2,0.0,0.0,0.0,-2.69,1.5,0.0,123.5,391.5,9.0,0.0,3.0,6,0.0,0.0,0.0,0.0,0.0,0.0,0.39,3.1,87.0,150.0,49.0,1.44,0.0,0.0,6,1,0,1,0,1,0,0,1,0,1,0,0,1,0,1,0
30.3,1.5,0,0.33,9.53,0.0,1.5,412,10.0,0.0,1.1,29,5,2,0.0,0.0,0.0,-2.69,1.5,0.0,120.5,391.5,9.0,0.0,6.0,6,0.0,0.0,0.0,0.0,0.0,0.0,0.36,3.1,87.0,150.0,44.0,1.44,0.0,0.0,6,1,0,1,0,1,0,0,1,0,1,0,0,1,0,1,0
29.4,1.5,0,0.35,9.53,0.0,1.5,412,10.0,0.0,1.1,29,5,2,0.0,0.0,0.0,-2.69,1.5,0.0,117.5,391.5,9.0,0.0,9.0,6,0.0,0.0,0.0,0.0,0.0,0.0,0.39,3.2,87.0,150.0,41.0,1.44,0.0,0.0,6,1,0,1,0,1,0,0,1,0,1,0,0,1,0,1,0
29.0,1.5,0,0.36,7.08,0.0,1.5,412,10.0,0.0,1.07,29,5,2,0.0,0.0,0.0,-2.69,1.5,0.0,120.5,391.5,12.0,0.0,3.0,6,0.0,0.0,0.0,0.0,0.0,0.0,0.39,2.9,87.0,150.0,40.0,1.44,0.0,0.0,6,1,0,1,0,1,0,0,1,0,1,0,0,1,0,1,0
29.4,1.5,0,0.37,14.75,0.0,1.5,412,10.0,0.0,1.17,29,5,2,0.0,0.0,0.0,-2.69,1.5,0.0,117.5,391.5,12.0,0.0,6.0,6,0.0,0.0,0.0,0.0,0.0,0.0,0.43,3.3,87.0,150.0,30.0,1.44,0.0,0.0,6,1,0,1,0,1,0,0,1,0,1,0,0,1,0,1,0
28.9,1.5,0,0.34,7.94,0.0,1.5,412,10.0,0.0,1.08,29,5,2,0.0,0.0,0.0,-2.69,1.5,0.0,114.5,391.5,12.0,0.0,9.0,6,0.0,0.0,0.0,0.0,0.0,0.0,0.37,3.4,87.0,150.0,33.0,1.44,0.0,0.0,6,1,0,1,0,1,0,0,1,0,1,0,0,1,0,1,0
31.5,0.0,0,0.364,10.8,0.0,0.0,412,5.0,0.0,1.11,29,5,2,0.0,0.0,98.0,-2.69,0.0,2.0,20.0,391.5,0.0,0.0,0.0,6,0.0,0.0,2.0,0.0,0.0,2.0,0.545,3.72,87.0,130.0,0.0,1.44,0.0,0.0,6,1,0,1,0,1,0,0,1,0,1,0,0,1,0,1,0
29.6,0.0,0,0.362,10.2,0.0,0.0,412,5.0,0.0,1.2,29,5,2,0.0,0.0,97.0,-2.69,0.0,2.0,20.0,391.5,0.0,0.0,0.0,6,0.0,0.0,5.0,0.0,0.0,2.0,0.485,3.68,87.0,132.0,0.0,1.44,0.0,0.0,6,1,0,1,0,1,0,0,1,0,1,0,0,1,0,1,0
28.7,0.0,0,0.379,10.2,0.0,0.0,412,5.0,0.0,1.13,29,5,2,0.0,0.0,98.0,-2.69,0.0,2.0,20.0,391.5,0.0,0.0,2.0,6,0.0,0.0,0.0,0.0,0.0,2.0,0.53,3.75,87.0,130.0,0.0,1.44,0.0,0.0,6,1,0,1,0,1,0,0,1,0,1,0,0,1,0,1,0
30.2,0.0,0,0.375,10.5,0.0,0.0,412,5.0,0.0,1.14,29,5,2,0.0,0.0,97.0,-2.69,0.0,2.0,20.0,391.5,0.0,0.0,5.0,6,0.0,0.0,0.0,0.0,0.0,2.0,0.493,3.76,87.0,132.0,0.0,1.44,0.0,0.0,6,1,0,1,0,1,0,0,1,0,1,0,0,1,0,1,0
35.0,0.0,0,0.36,10.8,0.0,0.0,412,5.0,0.0,1.5,29,5,2,0.0,0.0,98.0,-2.69,0.0,2.0,20.0,391.5,0.0,0.0,0.0,6,2.0,0.0,0.0,0.0,0.0,2.0,0.462,3.69,87.0,130.0,0.0,1.44,0.0,0.0,6,1,0,1,0,1,0,0,1,0,1,0,0,1,0,1,0
31.5,0.0,0,0.419,10.9,0.0,0.0,412,5.0,0.0,1.06,29,5,2,0.0,0.0,97.0,-2.69,0.0,2.0,20.0,391.5,0.0,0.0,0.0,6,5.0,0.0,0.0,0.0,0.0,2.0,0.477,3.69,87.0,132.0,0.0,1.44,0.0,0.0,6,1,0,1,0,1,0,0,1,0,1,0,0,1,0,1,0
28.6,0.0,0,0.417,11.2,0.0,0.0,412,5.0,0.0,1.04,29,5,2,0.0,0.0,90.0,-2.69,0.0,2.0,20.0,391.5,0.0,0.0,5.0,6,0.0,0.0,5.0,0.0,0.0,2.0,0.471,3.7,87.0,130.0,0.0,1.44,0.0,0.0,6,1,0,1,0,1,0,0,1,0,1,0,0,1,0,1,0
29.7,0.0,0,0.416,11.5,0.0,0.0,412,5.0,0.0,1.2,29,5,2,0.0,0.0,93.0,-2.69,0.0,2.0,20.0,391.5,0.0,0.0,2.0,6,0.0,0.0,5.0,0.0,0.0,2.0,0.475,3.65,87.0,130.0,0.0,1.44,0.0,0.0,6,1,0,1,0,1,0,0,1,0,1,0,0,1,0,1,0
30.2,0.0,0,0.428,11.8,0.0,0.0,412,5.0,0.0,1.02,29,5,2,0.0,0.0,90.0,-2.69,0.0,2.0,20.0,391.5,0.0,0.0,5.0,6,5.0,0.0,0.0,0.0,0.0,2.0,0.471,3.56,87.0,130.0,0.0,1.44,0.0,0.0,6,1,0,1,0,1,0,0,1,0,1,0,0,1,0,1,0
32.1,0.0,0,0.468,11.1,0.0,0.0,412,5.0,0.0,1.07,29,5,2,0.0,0.0,93.0,-2.69,0.0,2.0,20.0,391.5,0.0,0.0,5.0,6,2.0,0.0,0.0,0.0,0.0,2.0,0.456,3.74,87.0,130.0,0.0,1.44,0.0,0.0,6,1,0,1,0,1,0,0,1,0,1,0,0,1,0,1,0
24.7,0.0,0,0.436,10.0,0.0,0.0,412,5.0,0.0,1.09,29,5,2,0.0,0.0,90.0,-2.69,0.0,2.0,20.0,391.5,0.0,0.0,0.0,6,5.0,0.0,5.0,0.0,0.0,2.0,0.45,3.7,87.0,130.0,0.0,1.44,0.0,0.0,6,1,0,1,0,1,0,0,1,0,1,0,0,1,0,1,0
30.2,0.0,0,0.442,10.9,0.0,0.0,412,5.0,0.0,1.99,29,5,2,0.0,0.0,93.0,-2.69,0.0,2.0,20.0,391.5,0.0,0.0,0.0,6,5.0,0.0,2.0,0.0,0.0,2.0,0.428,3.69,87.0,130.0,0.0,1.44,0.0,0.0,6,1,0,1,0,1,0,0,1,0,1,0,0,1,0,1,0
0.0,3.0,0,0.0,0.0,0.0,2.0,412,10.0,0.0,0.0,29,5,2,0.0,0.0,0.0,-2.69,1.0,0.0,84.0,391.5,0.0,0.0,0.0,6,0.0,0.0,0.0,0.0,0.0,0.0,0.0,0.0,87.0,100.0,60.0,1.44,0.0,0.0,6,1,0,1,0,1,0,0,1,0,1,0,0,1,0,1,0
0.0,3.0,0,0.0,0.0,0.0,2.0,412,10.0,0.0,0.0,29,5,2,0.0,0.0,84.0,-2.69,1.0,0.0,0.0,391.5,0.0,0.0,0.0,6,0.0,0.0,0.0,0.0,0.0,0.0,0.0,0.0,87.0,100.0,85.0,1.44,0.0,0.0,6,1,0,1,0,1,0,0,1,0,1,0,0,1,0,1,0
0.0,3.0,0,0.0,0.0,0.0,2.0,412,10.0,0.0,0.0,29,5,2,0.0,0.0,0.0,-2.69,1.0,84.0,0.0,391.5,0.0,0.0,0.0,6,0.0,0.0,0.0,0.0,0.0,0.0,0.0,0.0,87.0,100.0,55.0,1.44,0.0,0.0,6,1,0,1,0,1,0,0,1,0,1,0,0,1,0,1,0
0.0,3.0,0,0.0,0.0,0.0,2.0,412,10.0,0.0,0.0,29,5,2,0.0,0.0,0.0,-2.69,1.0,41.0,41.0,391.5,0.0,0.0,2.0,6,0.0,0.0,0.0,0.0,0.0,0.0,0.0,0.0,87.0,100.0,45.0,1.44,0.0,0.0,6,1,0,1,0,1,0,0,1,0,1,0,0,1,0,1,0
0.0,3.0,0,0.0,0.0,0.0,2.0,412,10.0,0.0,0.0,29,5,2,0.0,0.0,41.0,-2.69,1.0,41.0,0.0,391.5,0.0,0.0,2.0,6,0.0,0.0,0.0,0.0,0.0,0.0,0.0,0.0,87.0,100.0,58.0,1.44,0.0,0.0,6,1,0,1,0,1,0,0,1,0,1,0,0,1,0,1,0
28.02,0.0,0,0.56,16.417,0.0,0.0,497,80.0,0.0,1.196,22,4,2,0.0,0.0,0.0,-4.11,0.625,37.5,119.75,323.4,0.0,0.0,0.0,3,0.0,1.5,10.0,0.0,0.0,0.625,0.67,3.06,86.9,250.0,23.0,1.5,0.0,0.0,7,1,0,1,0,1,0,0,1,0,1,0,0,1,0,1,0
26.55,0.0,0,0.55,17.91,0.0,0.0,497,80.0,0.0,1.218,22,4,2,0.0,0.0,0.0,-4.11,0.625,37.5,114.75,323.4,0.0,0.0,0.0,3,0.0,1.5,15.0,0.0,0.0,0.625,0.67,2.83,86.9,250.0,21.0,1.5,0.0,0.0,7,1,0,1,0,1,0,0,1,0,1,0,0,1,0,1,0
26.81,0.0,0,0.6,17.808,0.0,0.0,497,80.0,0.0,1.216,22,4,2,0.0,0.0,0.0,-4.11,0.625,37.5,119.75,323.4,0.0,0.0,0.0,3,10.0,1.5,0.0,0.0,0.0,0.625,0.73,3.03,86.9,250.0,19.0,1.5,0.0,0.0,7,1,0,1,0,1,0,0,1,0,1,0,0,1,0,1,0
27.71,0.0,0,0.6,15.492,0.0,0.0,497,80.0,0.0,1.183,22,4,2,0.0,0.0,0.0,-4.11,0.625,37.5,117.25,323.4,0.0,0.0,0.0,3,12.5,1.5,0.0,0.0,0.0,0.625,0.71,2.76,86.9,250.0,14.0,1.5,0.0,0.0,7,1,0,1,0,1,0,0,1,0,1,0,0,1,0,1,0
26.29,0.0,0,0.58,15.046,0.0,0.0,497,80.0,0.0,1.188,22,4,2,0.0,0.0,0.0,-4.11,0.625,37.5,109.75,323.4,0.0,0.0,0.0,3,10.0,1.5,10.0,0.0,0.0,0.625,0.68,2.93,86.9,250.0,24.0,1.5,0.0,0.0,7,1,0,1,0,1,0,0,1,0,1,0,0,1,0,1,0
27.1,0.0,0,0.57,16.176,0.0,0.0,497,80.0,0.0,1.192,22,4,2,0.0,0.0,0.0,-4.11,0.625,37.5,107.25,323.4,0.0,0.0,0.0,3,12.5,1.5,10.0,0.0,0.0,0.625,0.68,3.03,86.9,250.0,17.0,1.5,0.0,0.0,7,1,0,1,0,1,0,0,1,0,1,0,0,1,0,1,0
26.96,0.0,0,0.59,15.642,0.0,0.0,497,80.0,0.0,1.185,22,4,2,0.0,0.0,0.0,-4.11,0.625,37.5,104.75,323.4,0.0,0.0,0.0,3,10.0,1.5,15.0,0.0,0.0,0.625,0.7,2.73,86.9,250.0,23.0,1.5,0.0,0.0,7,1,0,1,0,1,0,0,1,0,1,0,0,1,0,1,0
27.84,0.0,0,0.59,14.492,0.0,0.0,497,80.0,0.0,1.169,22,4,2,0.0,0.0,0.0,-4.11,0.625,37.5,102.25,323.4,0.0,0.0,0.0,3,12.5,1.5,15.0,0.0,0.0,0.625,0.69,2.83,86.9,250.0,22.0,1.5,0.0,0.0,7,1,0,1,0,1,0,0,1,0,1,0,0,1,0,1,0
0.0,0.0,0,0.0,0.0,0.0,1.0,497,5.0,0.0,0.0,22,4,2,0.0,0.0,0.0,-4.11,1.0,0.0,0.0,323.4,0.0,0.0,7.0,3,0.0,0.0,0.0,0.0,0.0,0.0,0.0,0.0,86.9,100.0,37.0,1.5,0.0,86.0,7,1,0,1,0,1,0,0,1,0,1,0,0,1,0,1,0
0.0,0.0,0,0.0,0.0,0.0,1.0,497,5.0,0.0,0.0,22,4,2,0.0,0.0,0.0,-4.11,1.0,0.0,0.0,323.4,0.0,0.0,8.0,3,0.0,0.0,0.0,0.0,0.0,0.0,0.0,0.0,86.9,100.0,36.46,1.5,0.0,85.0,7,1,0,1,0,1,0,0,1,0,1,0,0,1,0,1,0
0.0,0.0,0,0.0,0.0,0.0,1.0,497,5.0,0.0,0.0,22,4,2,0.0,0.0,0.0,-4.11,1.0,0.0,0.0,323.4,0.0,0.0,9.0,3,0.0,0.0,0.0,0.0,0.0,0.0,0.0,0.0,86.9,100.0,40.1,1.5,0.0,84.0,7,1,0,1,0,1,0,0,1,0,1,0,0,1,0,1,0
0.0,0.0,0,0.0,0.0,0.0,1.0,497,5.0,0.0,0.0,22,4,2,0.0,0.0,0.0,-4.11,1.0,0.0,0.0,323.4,0.0,0.0,3.0,3,4.0,0.0,0.0,0.0,0.0,0.0,0.0,0.0,86.9,100.0,33.5,1.5,0.0,86.0,7,1,0,1,0,1,0,0,1,0,1,0,0,1,0,1,0
0.0,0.0,0,0.0,0.0,0.0,1.0,497,5.0,0.0,0.0,22,4,2,0.0,0.0,0.0,-4.11,1.0,0.0,0.0,323.4,0.0,0.0,3.0,3,5.0,0.0,0.0,0.0,0.0,0.0,0.0,0.0,86.9,100.0,36.3,1.5,0.0,85.0,7,1,0,1,0,1,0,0,1,0,1,0,0,1,0,1,0
0.0,0.0,0,0.0,0.0,0.0,1.0,497,5.0,0.0,0.0,22,4,2,0.0,0.0,0.0,-4.11,1.0,0.0,0.0,323.4,0.0,0.0,3.0,3,6.0,0.0,0.0,0.0,0.0,0.0,0.0,0.0,86.9,100.0,41.08,1.5,0.0,84.0,7,1,0,1,0,1,0,0,1,0,1,0,0,1,0,1,0
0.0,0.0,0,0.0,0.0,0.0,1.0,497,5.0,0.0,0.0,22,4,2,0.0,0.0,0.0,-4.11,1.0,0.0,85.0,323.4,0.0,0.0,8.0,3,0.0,0.0,0.0,0.0,0.0,0.0,0.0,0.0,86.9,100.0,19.29,1.5,0.0,0.0,7,1,0,1,0,1,0,0,1,0,1,0,0,1,0,1,0
0.0,0.0,0,0.0,0.0,0.0,1.0,497,5.0,0.0,0.0,22,4,2,0.0,0.0,0.0,-4.11,1.0,0.0,85.0,323.4,0.0,0.0,3.0,3,5.0,0.0,0.0,0.0,0.0,0.0,0.0,0.0,86.9,100.0,17.5,1.5,0.0,0.0,7,1,0,1,0,1,0,0,1,0,1,0,0,1,0,1,0
0.0,0.0,0,0.0,0.0,0.0,1.0,497,5.0,0.0,0.0,22,4,2,0.0,0.0,0.0,-4.11,1.0,0.0,85.0,323.4,0.0,0.0,8.0,3,0.0,0.0,0.0,0.0,3.0,0.0,0.0,0.0,86.9,103.0,28.38,1.5,0.0,0.0,7,1,0,1,0,1,0,0,1,0,1,0,0,1,0,1,0
0.0,0.0,0,0.0,0.0,1.5,1.5,497,80.0,0.0,0.0,22,4,2,0.0,0.0,0.0,-4.11,1.5,0.0,59.5,323.4,0.0,0.0,0.45,3,4.05,1.5,0.0,0.0,0.0,0.0,0.0,0.0,86.9,150.0,12.5,1.5,0.0,0.0,7,1,0,1,0,1,0,0,1,0,1,0,0,1,0,1,0
0.0,0.0,0,0.0,0.0,1.5,1.5,497,80.0,0.0,0.0,22,4,2,0.0,0.0,0.0,-4.11,1.5,0.0,59.5,323.4,0.0,0.0,1.125,3,3.375,1.5,0.0,0.0,0.0,0.0,0.0,0.0,86.9,150.0,12.8,1.5,0.0,0.0,7,1,0,1,0,1,0,0,1,0,1,0,0,1,0,1,0
0.0,0.0,0,0.0,0.0,1.5,1.5,497,80.0,0.0,0.0,22,4,2,0.0,0.0,0.0,-4.11,1.5,0.0,59.5,323.4,0.0,0.0,2.25,3,2.25,1.5,0.0,0.0,0.0,0.0,0.0,0.0,86.9,150.0,8.2,1.5,0.0,0.0,7,1,0,1,0,1,0,0,1,0,1,0,0,1,0,1,0
0.0,0.0,0,0.0,0.0,1.5,1.5,497,80.0,0.0,0.0,22,4,2,0.0,0.0,0.0,-4.11,1.5,0.0,59.5,323.4,0.0,0.0,3.375,3,1.125,1.5,0.0,0.0,0.0,0.0,0.0,0.0,86.9,150.0,6.5,1.5,0.0,0.0,7,1,0,1,0,1,0,0,1,0,1,0,0,1,0,1,0
0.0,0.0,0,0.0,0.0,1.5,1.5,497,80.0,0.0,0.0,22,4,2,0.0,0.0,0.0,-4.11,1.5,0.0,59.5,323.4,0.0,0.0,4.05,3,0.45,1.5,0.0,0.0,0.0,0.0,0.0,0.0,86.9,150.0,6.3,1.5,0.0,0.0,7,1,0,1,0,1,0,0,1,0,1,0,0,1,0,1,0
0.0,0.0,0,0.0,0.0,1.5,1.5,497,80.0,0.0,0.0,22,4,2,0.0,0.0,0.0,-4.11,1.5,0.0,59.5,323.4,0.0,0.0,0.45,3,0.0,1.5,4.05,0.0,0.0,0.0,0.0,0.0,86.9,150.0,6.5,1.5,0.0,0.0,7,1,0,1,0,1,0,0,1,0,1,0,0,1,0,1,0
0.0,0.0,0,0.0,0.0,1.5,1.5,497,80.0,0.0,0.0,22,4,2,0.0,0.0,0.0,-4.11,1.5,0.0,59.5,323.4,0.0,0.0,0.45,3,0.0,1.5,4.05,0.0,0.0,0.0,0.0,0.0,86.9,150.0,13.0,1.5,0.0,0.0,7,1,0,1,0,1,0,0,1,0,1,0,0,1,0,1,0
0.0,0.0,0,0.0,0.0,1.5,1.5,497,80.0,0.0,0.0,22,4,2,0.0,0.0,0.0,-4.11,1.5,0.0,59.5,323.4,0.0,0.0,2.25,3,0.0,1.5,2.25,0.0,0.0,0.0,0.0,0.0,86.9,150.0,6.3,1.5,0.0,0.0,7,1,0,1,0,1,0,0,1,0,1,0,0,1,0,1,0
0.0,0.0,0,0.0,0.0,1.5,1.5,497,80.0,0.0,0.0,22,4,2,0.0,0.0,0.0,-4.11,1.5,0.0,59.5,323.4,0.0,0.0,3.375,3,0.0,1.5,1.125,0.0,0.0,0.0,0.0,0.0,86.9,150.0,11.2,1.5,0.0,0.0,7,1,0,1,0,1,0,0,1,0,1,0,0,1,0,1,0
0.0,0.0,0,0.0,0.0,1.5,1.5,497,80.0,0.0,0.0,22,4,2,0.0,0.0,0.0,-4.11,1.5,0.0,59.5,323.4,0.0,0.0,4.05,3,0.0,1.5,0.45,0.0,0.0,0.0,0.0,0.0,86.9,150.0,8.7,1.5,0.0,0.0,7,1,0,1,0,1,0,0,1,0,1,0,0,1,0,1,0
0.0,0.0,0,0.0,0.0,1.5,1.5,497,80.0,0.0,0.0,22,4,2,0.0,0.0,0.0,-4.11,1.5,0.0,56.5,323.4,0.0,0.0,0.75,3,6.75,1.5,0.0,0.0,0.0,0.0,0.0,0.0,86.9,150.0,43.0,1.5,0.0,0.0,7,1,0,1,0,1,0,0,1,0,1,0,0,1,0,1,0
0.0,0.0,0,0.0,0.0,1.5,1.5,497,80.0,0.0,0.0,22,4,2,0.0,0.0,0.0,-4.11,1.5,0.0,56.5,323.4,0.0,0.0,1.875,3,5.625,1.5,0.0,0.0,0.0,0.0,0.0,0.0,86.9,150.0,31.3,1.5,0.0,0.0,7,1,0,1,0,1,0,0,1,0,1,0,0,1,0,1,0
0.0,0.0,0,0.0,0.0,1.5,1.5,497,80.0,0.0,0.0,22,4,2,0.0,0.0,0.0,-4.11,1.5,0.0,56.5,323.4,0.0,0.0,3.75,3,3.75,1.5,0.0,0.0,0.0,0.0,0.0,0.0,86.9,150.0,36.0,1.5,0.0,0.0,7,1,0,1,0,1,0,0,1,0,1,0,0,1,0,1,0
0.0,0.0,0,0.0,0.0,1.5,1.5,497,80.0,0.0,0.0,22,4,2,0.0,0.0,0.0,-4.11,1.5,0.0,56.5,323.4,0.0,0.0,5.625,3,1.875,1.5,0.0,0.0,0.0,0.0,0.0,0.0,86.9,150.0,30.6,1.5,0.0,0.0,7,1,0,1,0,1,0,0,1,0,1,0,0,1,0,1,0
0.0,0.0,0,0.0,0.0,1.5,1.5,497,80.0,0.0,0.0,22,4,2,0.0,0.0,0.0,-4.11,1.5,0.0,56.5,323.4,0.0,0.0,6.75,3,0.75,1.5,0.0,0.0,0.0,0.0,0.0,0.0,86.9,150.0,23.7,1.5,0.0,0.0,7,1,0,1,0,1,0,0,1,0,1,0,0,1,0,1,0
0.0,0.0,0,0.0,0.0,1.5,1.5,497,80.0,0.0,0.0,22,4,2,0.0,0.0,0.0,-4.11,1.5,0.0,56.5,323.4,0.0,0.0,0.75,3,0.0,1.5,6.75,0.0,0.0,0.0,0.0,0.0,86.9,150.0,31.5,1.5,0.0,0.0,7,1,0,1,0,1,0,0,1,0,1,0,0,1,0,1,0
0.0,0.0,0,0.0,0.0,1.5,1.5,497,80.0,0.0,0.0,22,4,2,0.0,0.0,0.0,-4.11,1.5,0.0,56.5,323.4,0.0,0.0,1.875,3,0.0,1.5,5.625,0.0,0.0,0.0,0.0,0.0,86.9,150.0,43.2,1.5,0.0,0.0,7,1,0,1,0,1,0,0,1,0,1,0,0,1,0,1,0
0.0,0.0,0,0.0,0.0,1.5,1.5,497,80.0,0.0,0.0,22,4,2,0.0,0.0,0.0,-4.11,1.5,0.0,56.5,323.4,0.0,0.0,3.75,3,0.0,1.5,3.75,0.0,0.0,0.0,0.0,0.0,86.9,150.0,21.0,1.5,0.0,0.0,7,1,0,1,0,1,0,0,1,0,1,0,0,1,0,1,0
0.0,0.0,0,0.0,0.0,1.5,1.5,497,80.0,0.0,0.0,22,4,2,0.0,0.0,0.0,-4.11,1.5,0.0,56.5,323.4,0.0,0.0,5.625,3,0.0,1.5,1.875,0.0,0.0,0.0,0.0,0.0,86.9,150.0,19.0,1.5,0.0,0.0,7,1,0,1,0,1,0,0,1,0,1,0,0,1,0,1,0
0.0,0.0,0,0.0,0.0,1.5,1.5,497,80.0,0.0,0.0,22,4,2,0.0,0.0,0.0,-4.11,1.5,0.0,56.5,323.4,0.0,0.0,6.75,3,0.0,1.5,0.75,0.0,0.0,0.0,0.0,0.0,86.9,150.0,24.6,1.5,0.0,0.0,7,1,0,1,0,1,0,0,1,0,1,0,0,1,0,1,0
21.43,0.0,0,0.65,10.22,0.0,2.0,678,30.0,0.0,1.11,38,5,4,0.0,0.0,0.0,-6.6,2.0,1.0,57.0,538.1,0.0,0.0,6.0,10,0.0,0.0,0.0,0.0,0.0,2.0,0.72,2.38,81.0,100.0,20.0,5.6,0.0,0.0,8,1,0,1,0,1,0,0,1,0,1,0,0,1,0,1,0
20.55,0.0,0,0.69,12.65,0.0,2.0,678,30.0,0.0,1.14,38,5,4,0.0,0.0,0.0,-6.6,2.0,1.0,55.0,538.1,0.0,0.0,8.0,10,0.0,0.0,0.0,0.0,0.0,2.0,0.79,2.47,81.0,100.0,18.0,5.6,0.0,0.0,8,1,0,1,0,1,0,0,1,0,1,0,0,1,0,1,0
21.45,0.0,0,0.69,14.81,0.0,2.0,678,30.0,0.0,1.17,38,5,4,0.0,0.0,0.0,-6.6,2.0,1.0,53.0,538.1,0.0,0.0,10.0,10,0.0,0.0,0.0,0.0,0.0,2.0,0.81,2.5,81.0,100.0,8.0,5.6,0.0,0.0,8,1,0,1,0,1,0,0,1,0,1,0,0,1,0,1,0
20.67,0.0,0,0.7,14.63,0.0,2.0,678,30.0,0.0,1.17,38,5,4,0.0,0.0,0.0,-6.6,2.0,1.0,57.0,538.1,0.0,0.0,0.0,10,0.0,0.0,6.0,0.0,0.0,2.0,0.82,2.46,81.0,100.0,36.0,5.6,0.0,0.0,8,1,0,1,0,1,0,0,1,0,1,0,0,1,0,1,0
20.84,0.0,0,0.64,11.11,0.0,2.0,678,30.0,0.0,1.12,38,5,4,0.0,0.0,0.0,-6.6,2.0,1.0,55.0,538.1,0.0,0.0,0.0,10,0.0,0.0,8.0,0.0,0.0,2.0,0.72,2.38,81.0,100.0,23.0,5.6,0.0,0.0,8,1,0,1,0,1,0,0,1,0,1,0,0,1,0,1,0
20.82,0.0,0,0.64,12.32,0.0,2.0,678,30.0,0.0,1.14,38,5,4,0.0,0.0,0.0,-6.6,2.0,1.0,53.0,538.1,0.0,0.0,0.0,10,0.0,0.0,10.0,0.0,0.0,2.0,0.73,2.5,81.0,100.0,22.0,5.6,0.0,0.0,8,1,0,1,0,1,0,0,1,0,1,0,0,1,0,1,0
22.29,0.0,0,0.65,12.16,0.0,2.0,678,30.0,0.0,1.13,38,5,4,0.0,0.0,0.0,-6.6,2.0,1.0,57.0,538.1,0.0,0.0,0.0,10,6.0,0.0,0.0,0.0,0.0,2.0,0.74,2.33,81.0,100.0,57.0,5.6,0.0,0.0,8,1,0,1,0,1,0,0,1,0,1,0,0,1,0,1,0
22.32,0.0,0,0.71,14.45,0.0,2.0,678,30.0,0.0,1.16,38,5,4,0.0,0.0,0.0,-6.6,2.0,1.0,55.0,538.1,0.0,0.0,0.0,10,8.0,0.0,0.0,0.0,0.0,2.0,0.83,2.5,81.0,100.0,50.0,5.6,0.0,0.0,8,1,0,1,0,1,0,0,1,0,1,0,0,1,0,1,0
21.27,0.0,0,0.7,12.5,0.0,2.0,678,30.0,0.0,1.14,38,5,4,0.0,0.0,0.0,-6.6,2.0,1.0,53.0,538.1,0.0,0.0,0.0,10,10.0,0.0,0.0,0.0,0.0,2.0,0.8,2.4,81.0,100.0,25.0,5.6,0.0,0.0,8,1,0,1,0,1,0,0,1,0,1,0,0,1,0,1,0
38.04,7.0,0,0.766,14.31,0.0,2.0,678,30.0,0.0,1.16,38,5,4,0.0,0.0,0.0,-6.6,2.0,68.0,38.0,538.1,0.0,0.0,0.0,10,3.0,0.0,0.0,0.0,0.0,0.0,0.894,2.21,81.0,150.0,42.67,5.6,0.0,0.0,8,1,0,1,0,1,0,0,1,0,1,0,0,1,0,1,0
35.53,7.0,0,0.777,14.21,0.0,2.0,678,30.0,0.0,1.16,38,5,4,0.0,0.0,0.0,-6.6,2.0,68.0,36.5,538.1,0.0,0.0,0.0,10,4.5,0.0,0.0,0.0,0.0,0.0,0.905,2.23,81.0,150.0,33.57,5.6,0.0,0.0,8,1,0,1,0,1,0,0,1,0,1,0,0,1,0,1,0
36.02,7.0,0,0.719,19.05,0.0,2.0,678,30.0,0.0,1.23,38,5,4,0.0,0.0,0.0,-6.6,2.0,68.0,35.0,538.1,0.0,0.0,0.0,10,6.0,0.0,0.0,0.0,0.0,0.0,0.888,2.2,81.0,150.0,26.3,5.6,0.0,0.0,8,1,0,1,0,1,0,0,1,0,1,0,0,1,0,1,0
33.69,7.0,0,0.733,14.33,0.0,2.0,678,30.0,0.0,1.16,38,5,4,0.0,0.0,0.0,-6.6,2.0,68.0,38.0,538.1,0.0,0.0,3.0,10,0.0,0.0,0.0,0.0,0.0,0.0,0.855,2.23,81.0,150.0,42.27,5.6,0.0,0.0,8,1,0,1,0,1,0,0,1,0,1,0,0,1,0,1,0
36.86,7.0,0,0.695,18.23,0.0,2.0,678,30.0,0.0,1.22,38,5,4,0.0,0.0,0.0,-6.6,2.0,68.0,36.5,538.1,0.0,0.0,4.5,10,0.0,0.0,0.0,0.0,0.0,0.0,0.85,2.2,81.0,150.0,29.31,5.6,0.0,0.0,8,1,0,1,0,1,0,0,1,0,1,0,0,1,0,1,0
34.82,7.0,0,0.714,18.98,0.0,2.0,678,30.0,0.0,1.23,38,5,4,0.0,0.0,0.0,-6.6,2.0,68.0,35.0,538.1,0.0,0.0,6.0,10,0.0,0.0,0.0,0.0,0.0,0.0,0.882,2.22,81.0,150.0,24.14,5.6,0.0,0.0,8,1,0,1,0,1,0,0,1,0,1,0,0,1,0,1,0
32.47,7.0,0,0.69,18.29,0.0,2.0,678,30.0,0.0,1.22,38,5,4,0.0,0.0,0.0,-6.6,2.0,68.0,39.5,538.1,0.0,1.5,0.0,10,0.0,0.0,0.0,0.0,0.0,0.0,0.844,2.21,81.0,150.0,36.4,5.6,0.0,0.0,8,1,0,1,0,1,0,0,1,0,1,0,0,1,0,1,0
34.28,7.0,0,0.755,15.0,0.0,2.0,678,30.0,0.0,1.17,38,5,4,0.0,0.0,0.0,-6.6,2.0,68.0,38.0,538.1,0.0,3.0,0.0,10,0.0,0.0,0.0,0.0,0.0,0.0,0.888,2.24,81.0,150.0,33.6,5.6,0.0,0.0,8,1,0,1,0,1,0,0,1,0,1,0,0,1,0,1,0
31.75,7.0,0,0.733,14.26,0.0,2.0,678,30.0,0.0,1.16,38,5,4,0.0,0.0,0.0,-6.6,2.0,68.0,36.5,538.1,0.0,4.5,0.0,10,0.0,0.0,0.0,0.0,0.0,0.0,0.855,2.22,81.0,150.0,19.2,5.6,0.0,0.0,8,1,0,1,0,1,0,0,1,0,1,0,0,1,0,1,0
21.43,0.0,0,0.65,10.22,0.0,2.0,678,30.0,0.0,1.11,38,5,4,0.0,0.0,0.0,-6.6,2.0,1.0,57.0,538.1,0.0,0.0,6.0,10,0.0,0.0,0.0,0.0,0.0,2.0,0.72,2.38,81.0,100.0,20.0,5.6,0.0,0.0,8,1,0,1,0,1,0,0,1,0,1,0,0,1,0,1,0
20.55,0.0,0,0.69,12.65,0.0,2.0,678,30.0,0.0,1.14,38,5,4,0.0,0.0,0.0,-6.6,2.0,1.0,55.0,538.1,0.0,0.0,8.0,10,0.0,0.0,0.0,0.0,0.0,2.0,0.79,2.47,81.0,100.0,18.0,5.6,0.0,0.0,8,1,0,1,0,1,0,0,1,0,1,0,0,1,0,1,0
21.45,0.0,0,0.69,14.81,0.0,2.0,678,30.0,0.0,1.17,38,5,4,0.0,0.0,0.0,-6.6,2.0,1.0,53.0,538.1,0.0,0.0,10.0,10,0.0,0.0,0.0,0.0,0.0,2.0,0.81,2.5,81.0,100.0,8.0,5.6,0.0,0.0,8,1,0,1,0,1,0,0,1,0,1,0,0,1,0,1,0
20.67,0.0,0,0.7,14.63,0.0,2.0,678,30.0,0.0,1.17,38,5,4,0.0,0.0,0.0,-6.6,2.0,1.0,57.0,538.1,0.0,0.0,0.0,10,0.0,0.0,6.0,0.0,0.0,2.0,0.82,2.46,81.0,100.0,36.0,5.6,0.0,0.0,8,1,0,1,0,1,0,0,1,0,1,0,0,1,0,1,0
20.84,0.0,0,0.64,11.11,0.0,2.0,678,30.0,0.0,1.12,38,5,4,0.0,0.0,0.0,-6.6,2.0,1.0,55.0,538.1,0.0,0.0,0.0,10,0.0,0.0,8.0,0.0,0.0,2.0,0.72,2.38,81.0,100.0,23.0,5.6,0.0,0.0,8,1,0,1,0,1,0,0,1,0,1,0,0,1,0,1,0
20.82,0.0,0,0.64,12.32,0.0,2.0,678,30.0,0.0,1.14,38,5,4,0.0,0.0,0.0,-6.6,2.0,1.0,53.0,538.1,0.0,0.0,0.0,10,0.0,0.0,10.0,0.0,0.0,2.0,0.73,2.5,81.0,100.0,22.0,5.6,0.0,0.0,8,1,0,1,0,1,0,0,1,0,1,0,0,1,0,1,0
22.29,0.0,0,0.65,12.16,0.0,2.0,678,30.0,0.0,1.13,38,5,4,0.0,0.0,0.0,-6.6,2.0,1.0,57.0,538.1,0.0,0.0,0.0,10,6.0,0.0,0.0,0.0,0.0,2.0,0.74,2.33,81.0,100.0,57.0,5.6,0.0,0.0,8,1,0,1,0,1,0,0,1,0,1,0,0,1,0,1,0
22.32,0.0,0,0.71,14.45,0.0,2.0,678,30.0,0.0,1.16,38,5,4,0.0,0.0,0.0,-6.6,2.0,1.0,55.0,538.1,0.0,0.0,0.0,10,8.0,0.0,0.0,0.0,0.0,2.0,0.83,2.5,81.0,100.0,50.0,5.6,0.0,0.0,8,1,0,1,0,1,0,0,1,0,1,0,0,1,0,1,0
21.27,0.0,0,0.7,12.5,0.0,2.0,678,30.0,0.0,1.14,38,5,4,0.0,0.0,0.0,-6.6,2.0,1.0,53.0,538.1,0.0,0.0,0.0,10,10.0,0.0,0.0,0.0,0.0,2.0,0.8,2.4,81.0,100.0,25.0,5.6,0.0,0.0,8,1,0,1,0,1,0,0,1,0,1,0,0,1,0,1,0
1.149,0.0,0,0.68,12.995,0.0,0.0,678,30.0,0.0,24.593,38,5,4,0.0,0.0,0.0,-6.6,6.0,153.0,90.0,538.1,0.0,0.0,0.0,10,0.0,0.0,0.0,0.0,0.0,6.0,0.782,4.325,81.0,300.0,164.0,5.6,0.0,0.0,8,1,0,1,0,1,0,0,1,0,0,0,1,1,0,1,0
1.138,0.0,0,0.59,12.107,0.0,0.0,678,30.0,0.0,23.311,38,5,4,0.0,0.0,0.0,-6.6,6.0,144.0,90.0,538.1,9.0,0.0,0.0,10,0.0,0.0,0.0,0.0,0.0,6.0,0.672,4.342,81.0,300.0,138.0,5.6,0.0,0.0,8,1,0,1,0,1,0,0,1,0,0,0,1,1,0,1,0
1.146,0.0,0,0.613,12.738,0.0,0.0,678,30.0,0.0,23.408,38,5,4,0.0,0.0,0.0,-6.6,6.0,141.0,90.0,538.1,12.0,0.0,0.0,10,0.0,0.0,0.0,0.0,0.0,6.0,0.702,4.343,81.0,300.0,114.0,5.6,0.0,0.0,8,1,0,1,0,1,0,0,1,0,0,0,1,1,0,1,0
1.131,0.0,0,0.669,11.599,0.0,0.0,678,30.0,0.0,24.789,38,5,4,0.0,0.0,0.0,-6.6,6.0,138.0,90.0,538.1,15.0,0.0,0.0,10,0.0,0.0,0.0,0.0,0.0,6.0,0.757,4.325,81.0,300.0,98.0,5.6,0.0,0.0,8,1,0,1,0,1,0,0,1,0,0,0,1,1,0,1,0
1.137,0.0,0,0.598,12.078,0.0,0.0,678,30.0,0.0,21.738,38,5,4,0.0,0.0,0.0,-6.6,6.0,144.0,90.0,538.1,9.0,0.0,0.0,10,0.0,0.0,0.0,0.0,0.0,6.0,0.68,4.349,81.0,300.0,125.0,5.6,0.0,0.0,8,1,0,1,0,1,0,0,1,0,0,0,1,1,0,1,0
1.129,0.0,0,0.668,11.362,0.0,0.0,678,30.0,0.0,24.2,38,5,4,0.0,0.0,0.0,-6.6,6.0,141.0,90.0,538.1,12.0,0.0,0.0,10,0.0,0.0,0.0,0.0,0.0,6.0,0.754,4.342,81.0,300.0,117.0,5.6,0.0,0.0,8,1,0,1,0,1,0,0,1,0,0,0,1,1,0,1,0
1.13,0.0,0,0.567,11.523,0.0,0.0,678,30.0,0.0,23.436,38,5,4,0.0,0.0,0.0,-6.6,6.0,138.0,90.0,538.1,15.0,0.0,0.0,10,0.0,0.0,0.0,0.0,0.0,6.0,0.64,4.348,81.0,300.0,92.0,5.6,0.0,0.0,8,1,0,1,0,1,0,0,1,0,0,0,1,1,0,1,0
1.125,0.0,0,0.618,11.088,0.0,0.0,678,30.0,0.0,24.962,38,5,4,0.0,0.0,0.0,-6.6,6.0,144.0,90.0,538.1,9.0,0.0,0.0,10,0.0,0.0,0.0,0.0,0.0,6.0,0.696,4.349,81.0,300.0,119.0,5.6,0.0,0.0,8,1,0,1,0,1,0,0,1,0,0,0,1,1,0,1,0
1.136,0.0,0,0.553,11.969,0.0,0.0,678,30.0,0.0,24.485,38,5,4,0.0,0.0,0.0,-6.6,6.0,141.0,90.0,538.1,12.0,0.0,0.0,10,0.0,0.0,0.0,0.0,0.0,6.0,0.629,4.334,81.0,300.0,101.0,5.6,0.0,0.0,8,1,0,1,0,1,0,0,1,0,0,0,1,1,0,1,0
1.121,0.0,0,0.608,10.809,0.0,0.0,678,30.0,0.0,24.216,38,5,4,0.0,0.0,0.0,-6.6,6.0,138.0,90.0,538.1,15.0,0.0,0.0,10,0.0,0.0,0.0,0.0,0.0,6.0,0.682,4.325,81.0,300.0,88.0,5.6,0.0,0.0,8,1,0,1,0,1,0,0,1,0,0,0,1,1,0,1,0
41.52,2.0,0,0.384,31.25,0.0,0.0,375,5.0,0.0,1.41,21,3,2,0.0,0.0,97.0,-2.09,1.5,0.0,19.6,287.36,0.0,0.0,3.9,5,0.0,0.0,0.0,0.0,0.0,0.0,0.545,3.71,57.4,130.0,0.0,2.2,0.0,0.0,9,1,0,1,0,1,0,0,1,0,1,0,0,1,0,1,0
40.61,2.0,0,0.362,25.36,0.0,0.0,375,5.0,0.0,1.33,21,3,2,0.0,0.0,97.0,-2.09,1.5,0.0,18.3,287.36,0.0,0.0,5.2,5,0.0,0.0,0.0,0.0,0.0,0.0,0.485,3.65,57.4,130.0,0.0,2.2,0.0,0.0,9,1,0,1,0,1,0,0,1,0,1,0,0,1,0,1,0
48.42,2.0,0,0.38,28.3,0.0,0.0,375,5.0,0.0,1.39,21,3,2,0.0,0.0,97.0,-2.09,1.5,0.0,17.0,287.36,0.0,0.0,6.5,5,0.0,0.0,0.0,0.0,0.0,0.0,0.53,3.69,57.4,130.0,0.0,2.2,0.0,0.0,9,1,0,1,0,1,0,0,1,0,1,0,0,1,0,1,0
37.41,2.0,0,0.371,24.74,0.0,0.0,375,5.0,0.0,1.32,21,3,2,0.0,0.0,97.0,-2.09,1.5,0.0,19.6,287.36,0.0,0.0,0.0,5,3.9,0.0,0.0,0.0,0.0,0.0,0.493,3.68,57.4,130.0,0.0,2.2,0.0,0.0,9,1,0,1,0,1,0,0,1,0,1,0,0,1,0,1,0
33.92,2.0,0,0.36,22.07,0.0,0.0,375,5.0,0.0,1.66,21,3,2,0.0,0.0,97.0,-2.09,1.5,0.0,18.3,287.36,0.0,0.0,0.0,5,5.2,0.0,0.0,0.0,0.0,0.0,0.462,3.72,57.4,130.0,0.0,2.2,0.0,0.0,9,1,0,1,0,1,0,0,1,0,1,0,0,1,0,1,0
24.28,2.0,0,0.419,12.26,0.0,0.0,375,5.0,0.0,1.14,21,3,2,0.0,0.0,97.0,-2.09,1.5,0.0,17.0,287.36,0.0,0.0,0.0,5,6.5,0.0,0.0,0.0,0.0,0.0,0.477,3.66,57.4,130.0,0.0,2.2,0.0,0.0,9,1,0,1,0,1,0,0,1,0,1,0,0,1,0,1,0
22.32,2.0,0,0.417,11.49,0.0,0.0,375,5.0,0.0,1.13,21,3,2,0.0,0.0,97.0,-2.09,1.5,0.0,19.6,287.36,0.0,0.0,0.0,5,0.0,0.0,3.9,0.0,0.0,0.0,0.471,3.65,57.4,130.0,0.0,2.2,0.0,0.0,9,1,0,1,0,1,0,0,1,0,1,0,0,1,0,1,0
25.54,2.0,0,0.416,12.44,0.0,0.0,375,5.0,0.0,1.13,21,3,2,0.0,0.0,97.0,-2.09,1.5,0.0,18.3,287.36,0.0,0.0,0.0,5,0.0,0.0,5.2,0.0,0.0,0.0,0.475,3.72,57.4,130.0,0.0,2.2,0.0,0.0,9,1,0,1,0,1,0,0,1,0,1,0,0,1,0,1,0
24.56,2.0,0,0.428,18.22,0.0,0.0,375,5.0,0.0,1.25,21,3,2,0.0,0.0,97.0,-2.09,1.5,0.0,17.0,287.36,0.0,0.0,0.0,5,0.0,0.0,6.5,0.0,0.0,0.0,0.456,3.7,57.4,130.0,0.0,2.2,0.0,0.0,9,1,0,1,0,1,0,0,1,0,1,0,0,1,0,1,0
21.21,0.5,0,0.514,9.82,0.0,0.5,375,5.0,2.0,1.1,21,3,2,0.0,0.0,0.0,-2.09,1.0,55.5,30.0,287.36,0.0,0.0,0.0,5,0.0,0.0,0.0,0.0,5.0,0.5,0.57,0.63,57.4,100.0,10.0,2.2,0.0,0.0,9,1,0,1,0,1,0,0,1,0,1,0,0,1,0,1,0
22.23,0.5,0,0.515,4.98,0.0,0.5,375,5.0,5.0,1.06,21,3,2,0.0,0.0,0.0,-2.09,1.0,52.5,30.0,287.36,0.0,0.0,0.0,5,0.0,0.0,0.0,0.0,5.0,0.5,0.542,0.64,57.4,100.0,11.0,2.2,0.0,0.0,9,1,0,1,0,1,0,0,1,0,1,0,0,1,0,1,0
20.32,0.5,0,0.507,4.51,0.0,0.5,375,5.0,8.0,1.05,21,3,2,0.0,0.0,0.0,-2.09,1.0,49.5,30.0,287.36,0.0,0.0,0.0,5,0.0,0.0,0.0,0.0,5.0,0.5,0.531,0.64,57.4,100.0,8.0,2.2,0.0,0.0,9,1,0,1,0,1,0,0,1,0,1,0,0,1,0,1,0
24.69,0.5,0,0.513,7.89,0.0,0.5,375,5.0,2.0,1.08,21,3,2,0.0,0.0,0.0,-2.09,1.0,53.0,30.0,287.36,0.0,0.0,0.0,5,0.0,0.0,0.0,0.0,7.5,0.5,0.557,0.64,57.4,100.0,10.0,2.2,0.0,0.0,9,1,0,1,0,1,0,0,1,0,1,0,0,1,0,1,0
23.29,0.5,0,0.512,11.87,0.0,0.5,375,5.0,5.0,1.13,21,3,2,0.0,0.0,0.0,-2.09,1.0,50.0,30.0,287.36,0.0,0.0,0.0,5,0.0,0.0,0.0,0.0,7.5,0.5,0.581,0.63,57.4,100.0,12.0,2.2,0.0,0.0,9,1,0,1,0,1,0,0,1,0,1,0,0,1,0,1,0
21.69,0.5,0,0.509,10.54,0.0,0.5,375,5.0,8.0,1.11,21,3,2,0.0,0.0,0.0,-2.09,1.0,47.0,30.0,287.36,0.0,0.0,0.0,5,0.0,0.0,0.0,0.0,7.5,0.5,0.569,0.63,57.4,100.0,9.0,2.2,0.0,0.0,9,1,0,1,0,1,0,0,1,0,1,0,0,1,0,1,0
23.56,0.5,0,0.518,5.64,0.0,0.5,375,5.0,2.0,1.12,21,3,2,0.0,0.0,0.0,-2.09,1.0,50.5,30.0,287.36,0.0,0.0,0.0,5,0.0,0.0,0.0,0.0,10.0,0.5,0.549,0.63,57.4,100.0,10.0,2.2,0.0,0.0,9,1,0,1,0,1,0,0,1,0,1,0,0,1,0,1,0
22.84,0.5,0,0.514,8.37,0.0,0.5,375,5.0,5.0,1.09,21,3,2,0.0,0.0,0.0,-2.09,1.0,47.5,30.0,287.36,0.0,0.0,0.0,5,0.0,0.0,0.0,0.0,10.0,0.5,0.561,0.64,57.4,100.0,9.0,2.2,0.0,0.0,9,1,0,1,0,1,0,0,1,0,1,0,0,1,0,1,0
21.84,0.5,0,0.511,7.76,0.0,0.5,375,5.0,8.0,1.08,21,3,2,0.0,0.0,0.0,-2.09,1.0,44.5,30.0,287.36,0.0,0.0,0.0,5,0.0,0.0,0.0,0.0,10.0,0.5,0.554,0.63,57.4,100.0,7.0,2.2,0.0,0.0,9,1,0,1,0,1,0,0,1,0,1,0,0,1,0,1,0
32.4,0.75,0,0.23,11.39,0.0,0.0,375,5.0,0.0,1.15,21,3,2,0.0,0.0,0.0,-2.09,1.5,100.0,39.75,287.36,0.0,0.0,0.0,5,0.0,0.0,3.0,0.0,0.0,0.0,0.26,3.17,57.4,150.0,66.0,2.2,0.0,0.0,9,1,0,1,0,1,0,0,1,0,1,0,0,1,0,1,0
32.0,0.75,0,0.31,11.54,0.0,0.0,375,5.0,0.0,1.13,21,3,2,0.0,0.0,0.0,-2.09,1.5,100.0,36.75,287.36,0.0,0.0,0.0,5,0.0,0.0,6.0,0.0,0.0,0.0,0.35,3.13,57.4,150.0,55.67,2.2,0.0,0.0,9,1,0,1,0,1,0,0,1,0,1,0,0,1,0,1,0
31.6,0.75,0,0.22,12.01,0.0,0.0,375,5.0,0.0,1.13,21,3,2,0.0,0.0,0.0,-2.09,1.5,100.0,33.75,287.36,0.0,0.0,0.0,5,0.0,0.0,9.0,0.0,0.0,0.0,0.25,3.17,57.4,150.0,43.67,2.2,0.0,0.0,9,1,0,1,0,1,0,0,1,0,1,0,0,1,0,1,0
31.1,0.75,0,0.25,13.64,0.0,0.0,375,5.0,0.0,1.16,21,3,2,0.0,0.0,0.0,-2.09,1.5,100.0,39.75,287.36,0.0,0.0,0.0,5,3.0,0.0,0.0,0.0,0.0,0.0,0.29,3.1,57.4,150.0,15.3,2.2,0.0,0.0,9,1,0,1,0,1,0,0,1,0,1,0,0,1,0,1,0
31.3,0.75,0,0.25,10.86,0.0,0.0,375,5.0,0.0,1.12,21,3,2,0.0,0.0,0.0,-2.09,1.5,100.0,36.75,287.36,0.0,0.0,0.0,5,6.0,0.0,0.0,0.0,0.0,0.0,0.28,3.2,57.4,150.0,14.3,2.2,0.0,0.0,9,1,0,1,0,1,0,0,1,0,1,0,0,1,0,1,0
30.4,0.75,0,0.25,11.74,0.0,0.0,375,5.0,0.0,1.13,21,3,2,0.0,0.0,0.0,-2.09,1.5,100.0,33.75,287.36,0.0,0.0,0.0,5,9.0,0.0,0.0,0.0,0.0,0.0,0.28,3.17,57.4,150.0,12.3,2.2,0.0,0.0,9,1,0,1,0,1,0,0,1,0,1,0,0,1,0,1,0
30.0,0.75,0,0.27,10.11,0.0,0.0,375,5.0,0.0,1.11,21,3,2,0.0,0.0,0.0,-2.09,1.5,100.0,39.75,287.36,0.0,0.0,3.0,5,0.0,0.0,0.0,0.0,0.0,0.0,0.3,3.2,57.4,150.0,10.67,2.2,0.0,0.0,9,1,0,1,0,1,0,0,1,0,1,0,0,1,0,1,0
30.4,0.75,0,0.25,10.84,0.0,0.0,375,5.0,0.0,1.11,21,3,2,0.0,0.0,0.0,-2.09,1.5,100.0,36.75,287.36,0.0,0.0,6.0,5,0.0,0.0,0.0,0.0,0.0,0.0,0.28,3.1,57.4,150.0,6.67,2.2,0.0,0.0,9,1,0,1,0,1,0,0,1,0,1,0,0,1,0,1,0
29.8,0.75,0,0.26,10.46,0.0,0.0,375,5.0,0.0,1.12,21,3,2,0.0,0.0,0.0,-2.09,1.5,100.0,33.75,287.36,0.0,0.0,9.0,5,0.0,0.0,0.0,0.0,0.0,0.0,0.29,3.17,57.4,150.0,5.0,2.2,0.0,0.0,9,1,0,1,0,1,0,0,1,0,1,0,0,1,0,1,0
36.3,0.0,0,0.629,13.4,0.0,0.0,375,2.5,1.5,1.07,21,3,2,0.0,0.0,76.5,-2.09,1.5,18.0,20.0,287.36,0.0,0.0,0.0,5,20.0,10.0,0.0,0.0,0.0,0.0,0.673,4.1,57.4,150.0,84.0,2.2,0.0,0.0,9,1,0,1,0,1,0,0,1,0,1,0,0,1,0,1,0
36.59,0.0,0,0.58,13.3,0.0,0.0,375,2.5,1.5,1.057,21,3,2,0.0,0.0,66.5,-2.09,1.5,18.0,30.0,287.36,0.0,0.0,0.0,5,20.0,10.0,0.0,0.0,0.0,0.0,0.69,4.1,57.4,150.0,86.4,2.2,0.0,0.0,9,1,0,1,0,1,0,0,1,0,1,0,0,1,0,1,0
37.28,0.0,0,0.63,13.5,0.0,0.0,375,2.5,1.5,1.19,21,3,2,0.0,0.0,56.5,-2.09,1.5,18.0,40.0,287.36,0.0,0.0,0.0,5,20.0,10.0,0.0,0.0,0.0,0.0,0.78,4.9,57.4,150.0,153.6,2.2,0.0,0.0,9,1,0,1,0,1,0,0,1,0,1,0,0,1,0,1,0
31.13,0.0,0,0.608,12.3,0.0,0.0,375,2.5,1.5,1.193,21,3,2,0.0,0.0,56.5,-2.09,1.5,18.0,20.0,287.36,0.0,0.0,0.0,5,40.0,10.0,0.0,0.0,0.0,0.0,0.6,4.9,57.4,150.0,66.0,2.2,0.0,0.0,9,1,0,1,0,1,0,0,1,0,1,0,0,1,0,1,0
35.5,0.0,0,0.602,12.61,0.0,0.0,375,2.5,1.5,1.133,21,3,2,0.0,0.0,46.5,-2.09,1.5,18.0,30.0,287.36,0.0,0.0,0.0,5,40.0,10.0,0.0,0.0,0.0,0.0,0.6,4.5,57.4,150.0,69.0,2.2,0.0,0.0,9,1,0,1,0,1,0,0,1,0,1,0,0,1,0,1,0
33.1,0.0,0,0.624,13.9,0.0,0.0,375,2.5,1.5,1.293,21,3,2,0.0,0.0,36.5,-2.09,1.5,18.0,40.0,287.36,0.0,0.0,0.0,5,40.0,10.0,0.0,0.0,0.0,0.0,0.768,4.5,57.4,150.0,72.0,2.2,0.0,0.0,9,1,0,1,0,1,0,0,1,0,1,0,0,1,0,1,0
24.1,0.0,0,0.97,5.21,0.0,0.0,375,2.5,1.5,1.01,21,3,2,0.0,0.0,36.5,-2.09,1.5,18.0,20.0,287.36,0.0,0.0,0.0,5,60.0,10.0,0.0,0.0,0.0,0.0,0.771,4.5,57.4,150.0,18.6,2.2,0.0,0.0,9,1,0,1,0,1,0,0,1,0,1,0,0,1,0,1,0
26.73,0.0,0,0.621,6.51,0.0,0.0,375,2.5,1.5,1.09,21,3,2,0.0,0.0,26.5,-2.09,1.5,18.0,30.0,287.36,0.0,0.0,0.0,5,60.0,10.0,0.0,0.0,0.0,0.0,0.77,4.5,57.4,150.0,29.4,2.2,0.0,0.0,9,1,0,1,0,1,0,0,1,0,1,0,0,1,0,1,0
27.1,0.0,0,0.59,7.15,0.0,0.0,375,2.5,1.5,1.11,21,3,2,0.0,0.0,16.5,-2.09,1.5,18.0,40.0,287.36,0.0,0.0,0.0,5,60.0,10.0,0.0,0.0,0.0,0.0,0.73,4.4,57.4,150.0,31.8,2.2,0.0,0.0,9,1,0,1,0,1,0,0,1,0,1,0,0,1,0,1,0
